Unnamed: 0,surfactant,nanoparticle,concentration,run_id,bd_row_idx,bd_t [s],bd_BC [mm?²],bd_M?B?A? [µm²],bd_SD M?B?A? [µm²],bd_R_avg [Âµm],bd_Ravg [µm],bd_R21 [µm],bd_R32 [µm],bd_v,bd_w,hd_t [s],hd_h_foam [mm],hd_h_liquid [mm],hd_h_total [mm],hd_V_foam [mL],hd_V_liquid [mL],hd_V_total [mL],hd_FVS [%],hd_FLS [%],hd_T [°C],frame_path
0,Bioterg i wt.%,AL2O3_Done,0.00625,1,0,63.98,52.344,19104.0,9871.0,75.0,78.0,81.0,86.0,1.0,0.0,68.05,214.1,20.9,235.0,259.1,25.3,284.4,100.0,100.0,,C:/Users/User/Desktop/AISCIA/task3/AISCIA_task3/Clean Data for Dr. Fadwa/Bioterg i wt.%\AL2O3_Done\0.00625\1\extracted_frames\frame_063.png
1,Bioterg i wt.%,AL2O3_Done,0.00625,1,1,68.98,52.435,19071.0,9975.0,75.0,78.0,81.0,86.0,1.0,0.0,69.05,214.1,20.9,235.0,259.1,25.3,284.4,100.0,100.0,,C:/Users/User/Desktop/AISCIA/task3/AISCIA_task3/Clean Data for Dr. Fadwa/Bioterg i wt.%\AL2O3_Done\0.00625\1\extracted_frames\frame_064.png
2,Bioterg i wt.%,AL2O3_Done,0.00625,1,2,73.98,51.563,19394.0,9822.0,76.0,79.0,81.0,86.0,1.0,0.0,74.05,214.1,20.9,235.0,259.1,25.3,284.4,100.0,100.0,,C:/Users/User/Desktop/AISCIA/task3/AISCIA_task3/Clean Data for Dr. Fadwa/Bioterg i wt.%\AL2O3_Done\0.00625\1\extracted_frames\frame_065.png
3,Bioterg i wt.%,AL2O3_Done,0.00625,1,3,78.98,51.247,19513.0,9679.0,76.0,79.0,81.0,86.0,1.0,1.0,79.05,212.1,22.5,234.6,256.7,27.2,283.9,99.1,94.3,,C:/Users/User/Desktop/AISCIA/task3/AISCIA_task3/Clean Data for Dr. Fadwa/Bioterg i wt.%\AL2O3_Done\0.00625\1\extracted_frames\frame_066.png
4,Bioterg i wt.%,AL2O3_Done,0.00625,1,4,83.98,49.611,20157.0,10070.0,77.0,80.0,83.0,87.0,1.0,0.0,84.05,206.6,26.5,233.1,250.0,32.1,282.1,96.5,80.4,,C:/Users/User/Desktop/AISCIA/task3/AISCIA_task3/Clean Data for Dr. Fadwa/Bioterg i wt.%\AL2O3_Done\0.00625\1\extracted_frames\frame_067.png
5,Bioterg i wt.%,AL2O3_Done,0.00625,1,5,88.98,46.873,21334.0,10906.0,80.0,82.0,85.0,90.0,1.0,1.0,89.05,202.3,30.0,232.3,244.7,36.3,281.0,94.5,68.2,,C:/Users/User/Desktop/AISCIA/task3/AISCIA_task3/Clean Data for Dr. Fadwa/Bioterg i wt.%\AL2O3_Done\0.00625\1\extracted_frames\frame_068.png
6,Bioterg i wt.%,AL2O3_Done,0.00625,1,6,93.98,43.275,23108.0,12947.0,83.0,86.0,89.0,95.0,1.0,4.0,94.05,197.4,33.2,230.6,238.8,40.2,279.1,92.2,56.9,,C:/Users/User/Desktop/AISCIA/task3/AISCIA_task3/Clean Data for Dr. Fadwa/Bioterg i wt.%\AL2O3_Done\0.00625\1\extracted_frames\frame_069.png
7,Bioterg i wt.%,AL2O3_Done,0.00625,1,7,98.98,37.988,26324.0,17030.0,87.0,92.0,96.0,105.0,2.0,6.0,99.05,193.3,36.6,229.9,233.8,44.3,278.1,90.3,45.1,,C:/Users/User/Desktop/AISCIA/task3/AISCIA_task3/Clean Data for Dr. Fadwa/Bioterg i wt.%\AL2O3_Done\0.00625\1\extracted_frames\frame_070.png
8,Bioterg i wt.%,AL2O3_Done,0.00625,1,8,103.98,33.618,29746.0,22534.0,92.0,97.0,103.0,116.0,2.0,10.0,104.05,189.6,39.5,229.1,229.4,47.8,277.2,88.6,35.1,,C:/Users/User/Desktop/AISCIA/task3/AISCIA_task3/Clean Data for Dr. Fadwa/Bioterg i wt.%\AL2O3_Done\0.00625\1\extracted_frames\frame_071.png
9,Bioterg i wt.%,AL2O3_Done,0.00625,1,9,108.98,29.373,34045.0,26369.0,98.0,104.0,111.0,125.0,2.0,8.0,109.05,185.4,42.4,227.8,224.3,51.3,275.6,86.6,25.1,,C:/Users/User/Desktop/AISCIA/task3/AISCIA_task3/Clean Data for Dr. Fadwa/Bioterg i wt.%\AL2O3_Done\0.00625\1\extracted_frames\frame_072.png
10,Bioterg i wt.%,AL2O3_Done,0.00625,1,10,113.98,25.623,39028.0,34332.0,103.0,111.0,121.0,139.0,2.0,9.0,114.05,181.5,44.8,226.3,219.6,54.1,273.8,84.8,16.8,,C:/Users/User/Desktop/AISCIA/task3/AISCIA_task3/Clean Data for Dr. Fadwa/Bioterg i wt.%\AL2O3_Done\0.00625\1\extracted_frames\frame_073.png
11,Bioterg i wt.%,AL2O3_Done,0.00625,1,11,118.98,22.249,44947.0,41520.0,110.0,120.0,130.0,152.0,2.0,8.0,119.05,178.3,47.1,225.4,215.7,57.0,272.7,83.2,8.6,,C:/Users/User/Desktop/AISCIA/task3/AISCIA_task3/Clean Data for Dr. Fadwa/Bioterg i wt.%\AL2O3_Done\0.00625\1\extracted_frames\frame_074.png
12,Bioterg i wt.%,AL2O3_Done,0.00625,1,12,123.98,18.719,53423.0,53189.0,118.0,130.0,144.0,171.0,3.0,12.0,124.05,175.6,49.0,224.6,212.5,59.3,271.8,82.0,2.0,,C:/Users/User/Desktop/AISCIA/task3/AISCIA_task3/Clean Data for Dr. Fadwa/Bioterg i wt.%\AL2O3_Done\0.00625\1\extracted_frames\frame_075.png
13,Bioterg i wt.%,AL2O3_Done,0.00625,1,13,128.98,15.293,65389.0,65175.0,130.0,144.0,161.0,191.0,2.0,6.0,129.05,172.6,51.0,223.6,208.9,61.7,270.6,80.6,-4.9,,C:/Users/User/Desktop/AISCIA/task3/AISCIA_task3/Clean Data for Dr. Fadwa/Bioterg i wt.%\AL2O3_Done\0.00625\1\extracted_frames\frame_076.png
14,Bioterg i wt.%,AL2O3_Done,0.00625,1,14,133.98,12.721,78613.0,81090.0,141.0,158.0,177.0,212.0,2.0,7.0,134.05,170.1,52.5,222.6,205.9,63.5,269.4,79.5,-10.1,,C:/Users/User/Desktop/AISCIA/task3/AISCIA_task3/Clean Data for Dr. Fadwa/Bioterg i wt.%\AL2O3_Done\0.00625\1\extracted_frames\frame_077.png
15,Bioterg i wt.%,AL2O3_Done,0.00625,1,15,138.98,10.724,93252.0,100970.0,152.0,172.0,195.0,236.0,2.0,8.0,139.05,167.8,53.4,221.1,203.0,64.6,267.6,78.3,-13.2,,C:/Users/User/Desktop/AISCIA/task3/AISCIA_task3/Clean Data for Dr. Fadwa/Bioterg i wt.%\AL2O3_Done\0.00625\1\extracted_frames\frame_078.png
16,Bioterg i wt.%,AL2O3_Done,0.00625,1,16,143.98,9.18,108938.0,115834.0,164.0,186.0,212.0,254.0,2.0,6.0,144.05,166.9,53.4,220.2,201.9,64.6,266.5,77.9,-13.2,,C:/Users/User/Desktop/AISCIA/task3/AISCIA_task3/Clean Data for Dr. Fadwa/Bioterg i wt.%\AL2O3_Done\0.00625\1\extracted_frames\frame_079.png
17,Bioterg i wt.%,AL2O3_Done,0.00625,1,17,148.98,7.667,130433.0,140871.0,178.0,204.0,233.0,280.0,2.0,7.0,149.05,166.4,53.4,219.8,201.3,64.6,265.9,77.7,-13.2,,C:/Users/User/Desktop/AISCIA/task3/AISCIA_task3/Clean Data for Dr. Fadwa/Bioterg i wt.%\AL2O3_Done\0.00625\1\extracted_frames\frame_080.png
18,Bioterg i wt.%,AL2O3_Done,0.00625,1,18,153.98,6.548,152716.0,168100.0,191.0,220.0,255.0,307.0,2.0,5.0,154.05,164.0,53.4,217.4,198.4,64.6,263.0,76.6,-13.2,,C:/Users/User/Desktop/AISCIA/task3/AISCIA_task3/Clean Data for Dr. Fadwa/Bioterg i wt.%\AL2O3_Done\0.00625\1\extracted_frames\frame_081.png
19,Bioterg i wt.%,AL2O3_Done,0.00625,1,19,158.98,5.644,177173.0,200534.0,203.0,237.0,277.0,336.0,2.0,5.0,159.05,163.1,53.4,216.5,197.4,64.6,262.0,76.2,-13.2,,C:/Users/User/Desktop/AISCIA/task3/AISCIA_task3/Clean Data for Dr. Fadwa/Bioterg i wt.%\AL2O3_Done\0.00625\1\extracted_frames\frame_082.png
20,Bioterg i wt.%,AL2O3_Done,0.00625,1,20,163.98,4.589,217893.0,241633.0,226.0,263.0,307.0,369.0,2.0,5.0,164.05,162.1,53.4,215.5,196.2,64.6,260.8,75.7,-13.2,,C:/Users/User/Desktop/AISCIA/task3/AISCIA_task3/Clean Data for Dr. Fadwa/Bioterg i wt.%\AL2O3_Done\0.00625\1\extracted_frames\frame_083.png
21,Bioterg i wt.%,AL2O3_Done,0.00625,1,21,168.98,4.162,240243.0,282181.0,233.0,277.0,328.0,399.0,2.0,5.0,169.05,161.5,53.2,214.8,195.4,64.4,259.8,75.4,-12.8,,C:/Users/User/Desktop/AISCIA/task3/AISCIA_task3/Clean Data for Dr. Fadwa/Bioterg i wt.%\AL2O3_Done\0.00625\1\extracted_frames\frame_084.png
22,Bioterg i wt.%,AL2O3_Done,0.00625,1,22,173.98,3.555,281323.0,324186.0,254.0,299.0,352.0,426.0,2.0,6.0,174.05,163.8,50.5,214.3,198.1,61.1,259.2,76.5,-3.2,,C:/Users/User/Desktop/AISCIA/task3/AISCIA_task3/Clean Data for Dr. Fadwa/Bioterg i wt.%\AL2O3_Done\0.00625\1\extracted_frames\frame_085.png
23,Bioterg i wt.%,AL2O3_Done,0.00625,1,23,178.98,3.181,314372.0,381011.0,264.0,316.0,380.0,463.0,2.0,6.0,179.05,162.3,50.5,212.7,196.3,61.1,257.4,75.8,-3.2,,C:/Users/User/Desktop/AISCIA/task3/AISCIA_task3/Clean Data for Dr. Fadwa/Bioterg i wt.%\AL2O3_Done\0.00625\1\extracted_frames\frame_086.png
24,Bioterg i wt.%,AL2O3_Done,0.00625,1,24,183.98,2.724,367155.0,445086.0,287.0,342.0,407.0,499.0,2.0,7.0,184.05,161.1,50.5,211.6,195.0,61.1,256.1,75.2,-3.2,,C:/Users/User/Desktop/AISCIA/task3/AISCIA_task3/Clean Data for Dr. Fadwa/Bioterg i wt.%\AL2O3_Done\0.00625\1\extracted_frames\frame_087.png
25,Bioterg i wt.%,AL2O3_Done,0.00625,1,25,188.98,2.522,396481.0,495255.0,296.0,355.0,426.0,526.0,2.0,8.0,189.05,167.2,42.5,209.7,202.4,51.4,253.8,78.1,24.7,,C:/Users/User/Desktop/AISCIA/task3/AISCIA_task3/Clean Data for Dr. Fadwa/Bioterg i wt.%\AL2O3_Done\0.00625\1\extracted_frames\frame_088.png
26,Bioterg i wt.%,AL2O3_Done,0.00625,1,26,193.98,2.22,450552.0,544580.0,320.0,379.0,449.0,550.0,2.0,8.0,194.05,167.0,42.6,209.6,202.1,51.6,253.6,78.0,24.2,,C:/Users/User/Desktop/AISCIA/task3/AISCIA_task3/Clean Data for Dr. Fadwa/Bioterg i wt.%\AL2O3_Done\0.00625\1\extracted_frames\frame_089.png
27,Bioterg i wt.%,AL2O3_Done,0.00625,1,27,198.98,1.943,514708.0,614167.0,341.0,405.0,480.0,585.0,2.0,7.0,199.05,165.3,42.9,208.1,200.0,51.9,251.8,77.2,23.4,,C:/Users/User/Desktop/AISCIA/task3/AISCIA_task3/Clean Data for Dr. Fadwa/Bioterg i wt.%\AL2O3_Done\0.00625\1\extracted_frames\frame_090.png
28,Bioterg i wt.%,AL2O3_Done,0.00625,1,28,203.98,1.819,549648.0,668833.0,351.0,418.0,498.0,609.0,2.0,8.0,204.05,156.5,50.6,207.1,189.4,61.3,250.6,73.1,-3.6,,C:/Users/User/Desktop/AISCIA/task3/AISCIA_task3/Clean Data for Dr. Fadwa/Bioterg i wt.%\AL2O3_Done\0.00625\1\extracted_frames\frame_091.png
29,Bioterg i wt.%,AL2O3_Done,0.00625,1,29,208.98,1.653,605043.0,728268.0,373.0,439.0,516.0,634.0,2.0,7.0,209.05,155.5,50.2,205.7,188.2,60.8,249.0,72.6,-2.3,,C:/Users/User/Desktop/AISCIA/task3/AISCIA_task3/Clean Data for Dr. Fadwa/Bioterg i wt.%\AL2O3_Done\0.00625\1\extracted_frames\frame_092.png
30,Bioterg i wt.%,AL2O3_Done,0.00625,1,30,213.98,1.533,652309.0,795539.0,386.0,456.0,539.0,664.0,2.0,7.0,214.05,153.9,50.9,204.7,186.2,61.6,247.7,71.9,-4.5,,C:/Users/User/Desktop/AISCIA/task3/AISCIA_task3/Clean Data for Dr. Fadwa/Bioterg i wt.%\AL2O3_Done\0.00625\1\extracted_frames\frame_093.png
31,Bioterg i wt.%,AL2O3_Done,0.00625,1,31,218.98,1.314,761249.0,880470.0,421.0,492.0,576.0,699.0,2.0,6.0,219.05,152.6,50.7,203.4,184.7,61.4,246.1,71.3,-4.1,,C:/Users/User/Desktop/AISCIA/task3/AISCIA_task3/Clean Data for Dr. Fadwa/Bioterg i wt.%\AL2O3_Done\0.00625\1\extracted_frames\frame_094.png
32,Bioterg i wt.%,AL2O3_Done,0.00625,1,32,223.98,1.19,840446.0,934691.0,449.0,517.0,596.0,720.0,2.0,5.0,224.05,151.3,50.5,201.8,183.0,61.1,244.1,70.6,-3.2,,C:/Users/User/Desktop/AISCIA/task3/AISCIA_task3/Clean Data for Dr. Fadwa/Bioterg i wt.%\AL2O3_Done\0.00625\1\extracted_frames\frame_095.png
33,Bioterg i wt.%,AL2O3_Done,0.00625,1,33,228.98,1.158,863371.0,984671.0,455.0,524.0,604.0,740.0,2.0,5.0,229.05,150.1,50.4,200.5,181.7,61.0,242.6,70.1,-2.7,,C:/Users/User/Desktop/AISCIA/task3/AISCIA_task3/Clean Data for Dr. Fadwa/Bioterg i wt.%\AL2O3_Done\0.00625\1\extracted_frames\frame_096.png
34,Bioterg i wt.%,AL2O3_Done,0.00625,1,34,233.98,1.177,849677.0,1021503.0,442.0,520.0,612.0,757.0,2.0,4.0,234.05,149.4,50.6,200.0,180.7,61.3,242.0,69.8,-3.6,,C:/Users/User/Desktop/AISCIA/task3/AISCIA_task3/Clean Data for Dr. Fadwa/Bioterg i wt.%\AL2O3_Done\0.00625\1\extracted_frames\frame_097.png
35,Bioterg i wt.%,AL2O3_Done,0.00625,1,35,238.98,1.146,872234.0,1100183.0,438.0,527.0,634.0,791.0,2.0,3.0,239.05,149.1,50.5,199.6,180.4,61.1,241.5,69.6,-3.2,,C:/Users/User/Desktop/AISCIA/task3/AISCIA_task3/Clean Data for Dr. Fadwa/Bioterg i wt.%\AL2O3_Done\0.00625\1\extracted_frames\frame_098.png
36,Bioterg i wt.%,AL2O3_Done,0.00625,1,36,243.98,1.015,985263.0,1227313.0,468.0,560.0,670.0,835.0,2.0,3.0,244.05,163.6,34.8,198.4,198.0,42.0,240.0,76.4,51.7,,C:/Users/User/Desktop/AISCIA/task3/AISCIA_task3/Clean Data for Dr. Fadwa/Bioterg i wt.%\AL2O3_Done\0.00625\1\extracted_frames\frame_099.png
37,Bioterg i wt.%,AL2O3_Done,0.00625,1,37,248.98,0.984,1016352.0,1260226.0,469.0,569.0,690.0,850.0,2.0,3.0,249.05,146.3,50.6,196.9,177.0,61.3,238.2,68.3,-3.6,,C:/Users/User/Desktop/AISCIA/task3/AISCIA_task3/Clean Data for Dr. Fadwa/Bioterg i wt.%\AL2O3_Done\0.00625\1\extracted_frames\frame_100.png
38,Bioterg i wt.%,AL2O3_Done,0.00625,1,38,253.98,0.9,1111384.0,1316108.0,497.0,595.0,712.0,867.0,2.0,3.0,254.05,152.9,42.5,195.4,185.0,51.4,236.4,71.4,24.7,,C:/Users/User/Desktop/AISCIA/task3/AISCIA_task3/Clean Data for Dr. Fadwa/Bioterg i wt.%\AL2O3_Done\0.00625\1\extracted_frames\frame_101.png
39,Bioterg i wt.%,AL2O3_Done,0.00625,1,39,258.98,0.869,1150751.0,1355807.0,505.0,605.0,726.0,880.0,2.0,2.0,259.05,143.4,50.7,194.1,173.5,61.4,234.9,67.0,-4.1,,C:/Users/User/Desktop/AISCIA/task3/AISCIA_task3/Clean Data for Dr. Fadwa/Bioterg i wt.%\AL2O3_Done\0.00625\1\extracted_frames\frame_102.png
40,Bioterg i wt.%,AL2O3_Done,0.00625,1,40,263.98,0.814,1227964.0,1438229.0,519.0,625.0,754.0,908.0,2.0,2.0,264.05,142.1,50.7,192.9,172.0,61.4,233.4,66.4,-4.1,,C:/Users/User/Desktop/AISCIA/task3/AISCIA_task3/Clean Data for Dr. Fadwa/Bioterg i wt.%\AL2O3_Done\0.00625\1\extracted_frames\frame_103.png
41,Bioterg i wt.%,AL2O3_Done,0.00625,1,41,268.98,0.781,1280356.0,1516864.0,525.0,638.0,776.0,932.0,2.0,2.0,269.05,141.0,50.7,191.8,170.6,61.4,232.0,65.8,-4.1,,C:/Users/User/Desktop/AISCIA/task3/AISCIA_task3/Clean Data for Dr. Fadwa/Bioterg i wt.%\AL2O3_Done\0.00625\1\extracted_frames\frame_104.png
42,Bioterg i wt.%,AL2O3_Done,0.00625,1,42,273.98,0.66,1515890.0,1627616.0,595.0,695.0,811.0,961.0,2.0,2.0,274.05,140.0,50.7,190.8,169.4,61.4,230.8,65.4,-4.1,,C:/Users/User/Desktop/AISCIA/task3/AISCIA_task3/Clean Data for Dr. Fadwa/Bioterg i wt.%\AL2O3_Done\0.00625\1\extracted_frames\frame_105.png
43,Bioterg i wt.%,AL2O3_Done,0.00625,1,43,278.98,0.639,1564400.0,1668435.0,607.0,706.0,821.0,972.0,1.0,2.0,279.05,139.1,50.5,189.6,168.3,61.1,229.4,65.0,-3.2,,C:/Users/User/Desktop/AISCIA/task3/AISCIA_task3/Clean Data for Dr. Fadwa/Bioterg i wt.%\AL2O3_Done\0.00625\1\extracted_frames\frame_106.png
44,Bioterg i wt.%,AL2O3_Done,0.00625,1,44,283.98,0.61,1640647.0,1733232.0,625.0,723.0,836.0,990.0,2.0,2.0,284.05,138.5,50.6,189.1,167.6,61.3,228.8,64.7,-3.6,,C:/Users/User/Desktop/AISCIA/task3/AISCIA_task3/Clean Data for Dr. Fadwa/Bioterg i wt.%\AL2O3_Done\0.00625\1\extracted_frames\frame_107.png
45,Bioterg i wt.%,AL2O3_Done,0.00625,1,45,288.98,0.656,1525366.0,1605401.0,598.0,697.0,812.0,956.0,1.0,2.0,289.05,137.5,50.6,188.1,166.4,61.3,227.6,64.2,-3.6,,C:/Users/User/Desktop/AISCIA/task3/AISCIA_task3/Clean Data for Dr. Fadwa/Bioterg i wt.%\AL2O3_Done\0.00625\1\extracted_frames\frame_108.png
46,Bioterg i wt.%,AL2O3_Done,0.00625,1,46,293.98,0.645,1551199.0,1629115.0,599.0,703.0,824.0,965.0,1.0,2.0,294.05,137.1,50.6,187.8,165.9,61.3,227.2,64.0,-3.6,,C:/Users/User/Desktop/AISCIA/task3/AISCIA_task3/Clean Data for Dr. Fadwa/Bioterg i wt.%\AL2O3_Done\0.00625\1\extracted_frames\frame_109.png
47,Bioterg i wt.%,AL2O3_Done,0.00625,1,47,298.98,0.635,1573707.0,1615108.0,604.0,708.0,829.0,962.0,1.0,1.0,299.05,134.9,50.7,185.6,163.2,61.4,224.6,63.0,-4.1,,C:/Users/User/Desktop/AISCIA/task3/AISCIA_task3/Clean Data for Dr. Fadwa/Bioterg i wt.%\AL2O3_Done\0.00625\1\extracted_frames\frame_110.png
48,Bioterg i wt.%,AL2O3_Done,0.00625,1,48,303.98,0.536,1866227.0,1658316.0,688.0,771.0,864.0,983.0,1.0,0.0,304.05,134.3,50.5,184.7,162.4,61.1,223.5,62.7,-3.2,,C:/Users/User/Desktop/AISCIA/task3/AISCIA_task3/Clean Data for Dr. Fadwa/Bioterg i wt.%\AL2O3_Done\0.00625\1\extracted_frames\frame_111.png
49,Bioterg i wt.%,AL2O3_Done,0.00625,1,49,308.98,0.528,1893777.0,1682222.0,691.0,776.0,872.0,990.0,1.0,0.0,309.05,133.0,50.6,183.6,160.9,61.3,222.2,62.1,-3.6,,C:/Users/User/Desktop/AISCIA/task3/AISCIA_task3/Clean Data for Dr. Fadwa/Bioterg i wt.%\AL2O3_Done\0.00625\1\extracted_frames\frame_112.png
50,Bioterg i wt.%,AL2O3_Done,0.00625,1,50,313.98,0.5,1998766.0,1741646.0,716.0,798.0,889.0,1009.0,1.0,0.0,314.05,132.6,50.6,183.3,160.5,61.3,221.7,61.9,-3.6,,C:/Users/User/Desktop/AISCIA/task3/AISCIA_task3/Clean Data for Dr. Fadwa/Bioterg i wt.%\AL2O3_Done\0.00625\1\extracted_frames\frame_113.png
51,Bioterg i wt.%,AL2O3_Done,0.00625,1,51,318.98,0.515,1940013.0,1770136.0,701.0,786.0,881.0,1012.0,1.0,0.0,319.05,130.9,50.7,181.6,158.4,61.4,219.8,61.1,-4.1,,C:/Users/User/Desktop/AISCIA/task3/AISCIA_task3/Clean Data for Dr. Fadwa/Bioterg i wt.%\AL2O3_Done\0.00625\1\extracted_frames\frame_114.png
52,Bioterg i wt.%,AL2O3_Done,0.00625,1,52,323.98,0.512,1952974.0,1800299.0,698.0,788.0,891.0,1020.0,1.0,0.0,324.05,129.8,50.6,180.4,157.0,61.3,218.3,60.6,-3.6,,C:/Users/User/Desktop/AISCIA/task3/AISCIA_task3/Clean Data for Dr. Fadwa/Bioterg i wt.%\AL2O3_Done\0.00625\1\extracted_frames\frame_115.png
53,Bioterg i wt.%,AL2O3_Done,0.00625,1,53,328.98,0.485,2060269.0,1847695.0,724.0,810.0,906.0,1035.0,1.0,0.0,329.05,129.4,50.6,180.0,156.5,61.3,217.8,60.4,-3.6,,C:/Users/User/Desktop/AISCIA/task3/AISCIA_task3/Clean Data for Dr. Fadwa/Bioterg i wt.%\AL2O3_Done\0.00625\1\extracted_frames\frame_116.png
54,Bioterg i wt.%,AL2O3_Done,0.00625,1,54,333.98,0.481,2080095.0,1929726.0,722.0,814.0,917.0,1054.0,1.0,0.0,334.05,145.2,34.5,179.7,175.8,41.7,217.5,67.8,52.5,,C:/Users/User/Desktop/AISCIA/task3/AISCIA_task3/Clean Data for Dr. Fadwa/Bioterg i wt.%\AL2O3_Done\0.00625\1\extracted_frames\frame_117.png
55,Bioterg i wt.%,AL2O3_Done,0.00625,1,55,338.98,0.489,2044849.0,1862968.0,715.0,807.0,911.0,1038.0,1.0,0.0,339.05,143.6,34.6,178.2,173.8,41.9,215.7,67.1,52.1,,C:/Users/User/Desktop/AISCIA/task3/AISCIA_task3/Clean Data for Dr. Fadwa/Bioterg i wt.%\AL2O3_Done\0.00625\1\extracted_frames\frame_118.png
56,Bioterg i wt.%,AL2O3_Done,0.00625,1,56,343.98,0.47,2127726.0,1897181.0,734.0,823.0,923.0,1049.0,1.0,0.0,344.05,142.1,34.6,176.7,172.0,41.9,213.9,66.4,52.1,,C:/Users/User/Desktop/AISCIA/task3/AISCIA_task3/Clean Data for Dr. Fadwa/Bioterg i wt.%\AL2O3_Done\0.00625\1\extracted_frames\frame_119.png
57,Bioterg i wt.%,AL2O3_Done,0.00625,1,57,348.98,0.499,2002592.0,1704103.0,715.0,798.0,892.0,1000.0,1.0,1.0,349.05,141.5,34.6,176.1,171.2,41.9,213.1,66.1,52.1,,C:/Users/User/Desktop/AISCIA/task3/AISCIA_task3/Clean Data for Dr. Fadwa/Bioterg i wt.%\AL2O3_Done\0.00625\1\extracted_frames\frame_120.png
58,Bioterg i wt.%,AL2O3_Done,0.00625,1,58,353.98,0.491,2038572.0,1788901.0,720.0,806.0,901.0,1019.0,1.0,1.0,354.05,140.9,34.8,175.6,170.5,42.0,212.5,65.8,51.7,,C:/Users/User/Desktop/AISCIA/task3/AISCIA_task3/Clean Data for Dr. Fadwa/Bioterg i wt.%\AL2O3_Done\0.00625\1\extracted_frames\frame_121.png
59,Bioterg i wt.%,AL2O3_Done,0.00625,1,59,358.98,0.506,1976587.0,1760184.0,704.0,793.0,893.0,1010.0,1.0,1.0,359.05,124.0,50.7,174.7,150.0,61.4,211.4,57.9,-4.1,,C:/Users/User/Desktop/AISCIA/task3/AISCIA_task3/Clean Data for Dr. Fadwa/Bioterg i wt.%\AL2O3_Done\0.00625\1\extracted_frames\frame_122.png
60,Bioterg i wt.%,AL2O3_Done,0.00625,1,60,363.98,0.453,2207442.0,1759389.0,767.0,838.0,916.0,1021.0,1.0,1.0,364.05,139.1,34.6,173.8,168.3,41.9,210.2,65.0,52.1,,C:/Users/User/Desktop/AISCIA/task3/AISCIA_task3/Clean Data for Dr. Fadwa/Bioterg i wt.%\AL2O3_Done\0.00625\1\extracted_frames\frame_123.png
61,Bioterg i wt.%,AL2O3_Done,0.00625,1,61,368.98,0.433,2309329.0,1798116.0,793.0,857.0,927.0,1033.0,1.0,1.0,369.05,138.2,34.6,172.9,167.3,41.9,209.2,64.6,52.1,,C:/Users/User/Desktop/AISCIA/task3/AISCIA_task3/Clean Data for Dr. Fadwa/Bioterg i wt.%\AL2O3_Done\0.00625\1\extracted_frames\frame_124.png
62,Bioterg i wt.%,AL2O3_Done,0.00625,1,62,373.98,0.5,1999800.0,1558238.0,735.0,798.0,867.0,963.0,1.0,1.0,374.05,119.6,50.6,170.3,144.7,61.3,206.0,55.9,-3.6,,C:/Users/User/Desktop/AISCIA/task3/AISCIA_task3/Clean Data for Dr. Fadwa/Bioterg i wt.%\AL2O3_Done\0.00625\1\extracted_frames\frame_125.png
63,Bioterg i wt.%,AL2O3_Done,0.00625,1,63,378.98,0.453,2205787.0,1570053.0,787.0,838.0,892.0,980.0,1.0,2.0,379.05,118.8,50.7,169.5,143.7,61.4,205.1,55.5,-4.1,,C:/Users/User/Desktop/AISCIA/task3/AISCIA_task3/Clean Data for Dr. Fadwa/Bioterg i wt.%\AL2O3_Done\0.00625\1\extracted_frames\frame_126.png
64,Bioterg i wt.%,AL2O3_Done,0.00625,1,64,383.98,0.464,2153233.0,1585286.0,773.0,828.0,887.0,978.0,1.0,1.0,384.05,126.1,42.5,168.6,152.6,51.4,204.0,58.9,24.7,,C:/Users/User/Desktop/AISCIA/task3/AISCIA_task3/Clean Data for Dr. Fadwa/Bioterg i wt.%\AL2O3_Done\0.00625\1\extracted_frames\frame_127.png
65,Bioterg i wt.%,AL2O3_Done,0.00625,1,65,388.98,0.469,2133000.0,1645089.0,760.0,824.0,893.0,988.0,1.0,1.0,389.05,133.5,34.8,168.2,161.5,42.0,203.6,62.3,51.7,,C:/Users/User/Desktop/AISCIA/task3/AISCIA_task3/Clean Data for Dr. Fadwa/Bioterg i wt.%\AL2O3_Done\0.00625\1\extracted_frames\frame_128.png
66,Bioterg i wt.%,AL2O3_Done,0.00625,1,66,393.98,0.451,2219750.0,1661617.0,789.0,841.0,896.0,996.0,1.0,2.0,394.05,116.4,50.7,167.1,140.8,61.4,202.2,54.3,-4.1,,C:/Users/User/Desktop/AISCIA/task3/AISCIA_task3/Clean Data for Dr. Fadwa/Bioterg i wt.%\AL2O3_Done\0.00625\1\extracted_frames\frame_129.png
67,Bioterg i wt.%,AL2O3_Done,0.00625,1,67,398.98,0.512,1951390.0,1636979.0,720.0,788.0,862.0,972.0,1.0,2.0,399.05,116.3,50.5,166.8,140.7,61.1,201.8,54.3,-3.2,,C:/Users/User/Desktop/AISCIA/task3/AISCIA_task3/Clean Data for Dr. Fadwa/Bioterg i wt.%\AL2O3_Done\0.00625\1\extracted_frames\frame_130.png
68,Bioterg i wt.%,AL2O3_Done,0.00625,1,68,403.98,0.485,2059908.0,1622577.0,751.0,810.0,873.0,977.0,1.0,1.0,404.05,130.7,34.6,165.4,158.2,41.9,200.1,61.1,52.1,,C:/Users/User/Desktop/AISCIA/task3/AISCIA_task3/Clean Data for Dr. Fadwa/Bioterg i wt.%\AL2O3_Done\0.00625\1\extracted_frames\frame_131.png
69,Bioterg i wt.%,AL2O3_Done,0.00625,1,69,408.98,0.515,1941578.0,1696442.0,711.0,786.0,870.0,987.0,1.0,1.0,409.05,129.5,34.5,164.0,156.7,41.7,198.4,60.5,52.5,,C:/Users/User/Desktop/AISCIA/task3/AISCIA_task3/Clean Data for Dr. Fadwa/Bioterg i wt.%\AL2O3_Done\0.00625\1\extracted_frames\frame_132.png
70,Bioterg i wt.%,AL2O3_Done,0.00625,1,70,413.98,0.511,1955566.0,1754006.0,712.0,789.0,874.0,1001.0,1.0,1.0,414.05,128.2,34.6,162.9,155.2,41.9,197.1,59.9,52.1,,C:/Users/User/Desktop/AISCIA/task3/AISCIA_task3/Clean Data for Dr. Fadwa/Bioterg i wt.%\AL2O3_Done\0.00625\1\extracted_frames\frame_133.png
71,Bioterg i wt.%,AL2O3_Done,0.00625,1,71,418.98,0.568,1760328.0,1821046.0,658.0,749.0,852.0,1005.0,2.0,2.0,419.05,127.4,34.8,162.1,154.1,42.0,196.2,59.5,51.7,,C:/Users/User/Desktop/AISCIA/task3/AISCIA_task3/Clean Data for Dr. Fadwa/Bioterg i wt.%\AL2O3_Done\0.00625\1\extracted_frames\frame_134.png
72,Bioterg i wt.%,AL2O3_Done,0.00625,1,72,423.98,0.522,1917123.0,1946644.0,700.0,781.0,872.0,1034.0,2.0,2.0,424.05,126.6,34.6,161.2,153.2,41.9,195.1,59.1,52.1,,C:/Users/User/Desktop/AISCIA/task3/AISCIA_task3/Clean Data for Dr. Fadwa/Bioterg i wt.%\AL2O3_Done\0.00625\1\extracted_frames\frame_135.png
73,Bioterg i wt.%,AL2O3_Done,0.00625,1,73,428.98,0.531,1881667.0,1936447.0,696.0,774.0,861.0,1027.0,2.0,2.0,429.05,125.9,34.6,160.5,152.3,41.9,194.2,58.8,52.1,,C:/Users/User/Desktop/AISCIA/task3/AISCIA_task3/Clean Data for Dr. Fadwa/Bioterg i wt.%\AL2O3_Done\0.00625\1\extracted_frames\frame_136.png
74,Bioterg i wt.%,AL2O3_Done,0.00625,1,74,433.98,0.525,1904561.0,1961948.0,691.0,779.0,877.0,1041.0,2.0,2.0,434.05,124.9,34.6,159.5,151.1,41.9,193.0,58.3,52.1,,C:/Users/User/Desktop/AISCIA/task3/AISCIA_task3/Clean Data for Dr. Fadwa/Bioterg i wt.%\AL2O3_Done\0.00625\1\extracted_frames\frame_137.png
75,Bioterg i wt.%,AL2O3_Done,0.00625,1,75,438.98,0.544,1838503.0,1993613.0,666.0,765.0,878.0,1051.0,2.0,2.0,439.05,116.3,42.5,158.8,140.7,51.4,192.1,54.3,24.7,,C:/Users/User/Desktop/AISCIA/task3/AISCIA_task3/Clean Data for Dr. Fadwa/Bioterg i wt.%\AL2O3_Done\0.00625\1\extracted_frames\frame_138.png
76,Bioterg i wt.%,AL2O3_Done,0.00625,1,76,443.98,0.598,1671438.0,1920841.0,616.0,729.0,864.0,1035.0,2.0,2.0,444.05,107.1,50.6,157.7,129.6,61.3,190.9,50.0,-3.6,,C:/Users/User/Desktop/AISCIA/task3/AISCIA_task3/Clean Data for Dr. Fadwa/Bioterg i wt.%\AL2O3_Done\0.00625\1\extracted_frames\frame_139.png
77,Bioterg i wt.%,AL2O3_Done,0.00625,1,77,448.98,0.552,1812745.0,1905217.0,651.0,760.0,886.0,1032.0,1.0,1.0,449.05,106.3,50.7,157.0,128.6,61.4,190.0,49.6,-4.1,,C:/Users/User/Desktop/AISCIA/task3/AISCIA_task3/Clean Data for Dr. Fadwa/Bioterg i wt.%\AL2O3_Done\0.00625\1\extracted_frames\frame_140.png
78,Bioterg i wt.%,AL2O3_Done,0.00625,1,78,453.98,0.491,2035064.0,2012459.0,725.0,805.0,893.0,1049.0,1.0,1.0,454.05,121.6,34.6,156.2,147.2,41.9,189.1,56.8,52.1,,C:/Users/User/Desktop/AISCIA/task3/AISCIA_task3/Clean Data for Dr. Fadwa/Bioterg i wt.%\AL2O3_Done\0.00625\1\extracted_frames\frame_141.png
79,Bioterg i wt.%,AL2O3_Done,0.00625,1,79,458.98,0.527,1898637.0,2033616.0,688.0,777.0,878.0,1051.0,1.0,1.0,459.05,118.7,34.8,153.5,143.7,42.0,185.7,55.5,51.7,,C:/Users/User/Desktop/AISCIA/task3/AISCIA_task3/Clean Data for Dr. Fadwa/Bioterg i wt.%\AL2O3_Done\0.00625\1\extracted_frames\frame_142.png
80,Bioterg i wt.%,AL2O3_Done,0.00625,1,80,463.98,0.568,1761354.0,1945507.0,652.0,749.0,860.0,1031.0,1.0,1.0,464.05,118.5,34.8,153.3,143.4,42.0,185.4,55.3,51.7,,C:/Users/User/Desktop/AISCIA/task3/AISCIA_task3/Clean Data for Dr. Fadwa/Bioterg i wt.%\AL2O3_Done\0.00625\1\extracted_frames\frame_143.png
81,Bioterg i wt.%,AL2O3_Done,0.00625,1,81,468.98,0.585,1708840.0,1925589.0,621.0,738.0,876.0,1033.0,1.0,1.0,469.05,118.2,34.6,152.9,143.1,41.9,185.0,55.2,52.1,,C:/Users/User/Desktop/AISCIA/task3/AISCIA_task3/Clean Data for Dr. Fadwa/Bioterg i wt.%\AL2O3_Done\0.00625\1\extracted_frames\frame_144.png
82,Bioterg i wt.%,AL2O3_Done,0.00625,1,82,473.98,0.554,1806255.0,1979256.0,642.0,758.0,895.0,1047.0,1.0,1.0,474.05,108.9,42.7,151.6,131.7,51.7,183.5,50.8,23.8,,C:/Users/User/Desktop/AISCIA/task3/AISCIA_task3/Clean Data for Dr. Fadwa/Bioterg i wt.%\AL2O3_Done\0.00625\1\extracted_frames\frame_145.png
83,Bioterg i wt.%,AL2O3_Done,0.00625,1,83,478.98,0.443,2257108.0,2160835.0,763.0,848.0,942.0,1088.0,1.0,0.0,479.05,108.2,42.6,150.9,131.0,51.6,182.6,50.6,24.2,,C:/Users/User/Desktop/AISCIA/task3/AISCIA_task3/Clean Data for Dr. Fadwa/Bioterg i wt.%\AL2O3_Done\0.00625\1\extracted_frames\frame_146.png
84,Bioterg i wt.%,AL2O3_Done,0.00625,1,84,483.98,0.452,2211400.0,2406459.0,727.0,839.0,968.0,1143.0,1.0,0.0,484.05,116.0,34.6,150.6,140.4,41.9,182.3,54.2,52.1,,C:/Users/User/Desktop/AISCIA/task3/AISCIA_task3/Clean Data for Dr. Fadwa/Bioterg i wt.%\AL2O3_Done\0.00625\1\extracted_frames\frame_147.png
85,Bioterg i wt.%,AL2O3_Done,0.00625,1,85,488.98,0.409,2442851.0,2355626.0,793.0,882.0,980.0,1134.0,1.0,-1.0,489.05,114.4,34.6,149.0,138.4,41.9,180.3,53.4,52.1,,C:/Users/User/Desktop/AISCIA/task3/AISCIA_task3/Clean Data for Dr. Fadwa/Bioterg i wt.%\AL2O3_Done\0.00625\1\extracted_frames\frame_148.png
86,Bioterg i wt.%,AL2O3_Done,0.00625,1,86,493.98,0.424,2356104.0,2479977.0,761.0,866.0,986.0,1160.0,1.0,-1.0,494.05,113.9,34.6,148.5,137.8,41.9,179.7,53.2,52.1,,C:/Users/User/Desktop/AISCIA/task3/AISCIA_task3/Clean Data for Dr. Fadwa/Bioterg i wt.%\AL2O3_Done\0.00625\1\extracted_frames\frame_149.png
87,Bioterg i wt.%,AL2O3_Done,0.00625,1,87,498.98,0.401,2491031.0,2536247.0,774.0,890.0,1025.0,1188.0,1.0,-1.0,499.05,112.6,34.6,147.3,136.3,41.9,178.2,52.6,52.1,,C:/Users/User/Desktop/AISCIA/task3/AISCIA_task3/Clean Data for Dr. Fadwa/Bioterg i wt.%\AL2O3_Done\0.00625\1\extracted_frames\frame_150.png
88,Bioterg i wt.%,AL2O3_Done,0.00625,1,88,503.98,0.573,1743825.0,1964886.0,634.0,745.0,876.0,1039.0,1.0,-1.0,504.05,111.4,34.8,146.1,134.8,42.0,176.8,52.0,51.7,,C:/Users/User/Desktop/AISCIA/task3/AISCIA_task3/Clean Data for Dr. Fadwa/Bioterg i wt.%\AL2O3_Done\0.00625\1\extracted_frames\frame_151.png
89,Bioterg i wt.%,AL2O3_Done,0.00625,1,89,508.98,0.5,1999378.0,1910671.0,677.0,798.0,940.0,1052.0,0.0,-2.0,509.05,110.9,34.6,145.5,134.2,41.9,176.1,51.8,52.1,,C:/Users/User/Desktop/AISCIA/task3/AISCIA_task3/Clean Data for Dr. Fadwa/Bioterg i wt.%\AL2O3_Done\0.00625\1\extracted_frames\frame_152.png
90,Bioterg i wt.%,AL2O3_Done,0.00625,1,90,513.98,0.479,2087406.0,1847264.0,696.0,815.0,955.0,1041.0,0.0,-2.0,514.05,109.9,34.5,144.4,132.9,41.7,174.7,51.3,52.5,,C:/Users/User/Desktop/AISCIA/task3/AISCIA_task3/Clean Data for Dr. Fadwa/Bioterg i wt.%\AL2O3_Done\0.00625\1\extracted_frames\frame_153.png
91,Bioterg i wt.%,AL2O3_Done,0.00625,1,91,518.98,0.45,2221292.0,1708600.0,739.0,841.0,956.0,1018.0,0.0,-2.0,519.05,101.4,42.5,143.9,122.7,51.4,174.1,47.3,24.7,,C:/Users/User/Desktop/AISCIA/task3/AISCIA_task3/Clean Data for Dr. Fadwa/Bioterg i wt.%\AL2O3_Done\0.00625\1\extracted_frames\frame_154.png
1655,Bioterg i wt.%,CeO,0.0125,3,0,63.46,59.317,,,,,,,2.0,9.0,65.65,,,,,,,100.0,100.0,,C:/Users/User/Desktop/AISCIA/task3/AISCIA_task3/Clean Data for Dr. Fadwa/Bioterg i wt.%\CeO\0.0125\3\extracted_frames\frame_063.png
1656,Bioterg i wt.%,CeO,0.0125,3,1,68.46,56.378,,,,,,,1.0,3.0,68.65,,,,,,,99.9,100.0,,C:/Users/User/Desktop/AISCIA/task3/AISCIA_task3/Clean Data for Dr. Fadwa/Bioterg i wt.%\CeO\0.0125\3\extracted_frames\frame_064.png
1657,Bioterg i wt.%,CeO,0.0125,3,2,73.46,50.403,,,,,,,5.0,69.0,73.65,,,,,,,99.1,98.1,,C:/Users/User/Desktop/AISCIA/task3/AISCIA_task3/Clean Data for Dr. Fadwa/Bioterg i wt.%\CeO\0.0125\3\extracted_frames\frame_065.png
1658,Bioterg i wt.%,CeO,0.0125,3,3,78.46,48.087,,,,,,,3.0,25.0,78.65,,,,,,,96.8,92.8,,C:/Users/User/Desktop/AISCIA/task3/AISCIA_task3/Clean Data for Dr. Fadwa/Bioterg i wt.%\CeO\0.0125\3\extracted_frames\frame_066.png
1659,Bioterg i wt.%,CeO,0.0125,3,4,83.46,46.677,,,,,,,1.0,3.0,83.65,,,,,,,94.6,86.1,,C:/Users/User/Desktop/AISCIA/task3/AISCIA_task3/Clean Data for Dr. Fadwa/Bioterg i wt.%\CeO\0.0125\3\extracted_frames\frame_067.png
1660,Bioterg i wt.%,CeO,0.0125,3,5,88.46,46.928,,,,,,,1.0,2.0,88.65,,,,,,,92.9,79.7,,C:/Users/User/Desktop/AISCIA/task3/AISCIA_task3/Clean Data for Dr. Fadwa/Bioterg i wt.%\CeO\0.0125\3\extracted_frames\frame_068.png
1661,Bioterg i wt.%,CeO,0.0125,3,6,93.46,44.527,,,,,,,1.0,3.0,93.65,,,,,,,90.3,71.9,,C:/Users/User/Desktop/AISCIA/task3/AISCIA_task3/Clean Data for Dr. Fadwa/Bioterg i wt.%\CeO\0.0125\3\extracted_frames\frame_069.png
1662,Bioterg i wt.%,CeO,0.0125,3,7,98.46,42.186,,,,,,,2.0,8.0,98.65,,,,,,,88.4,63.6,,C:/Users/User/Desktop/AISCIA/task3/AISCIA_task3/Clean Data for Dr. Fadwa/Bioterg i wt.%\CeO\0.0125\3\extracted_frames\frame_070.png
1663,Bioterg i wt.%,CeO,0.0125,3,8,103.46,38.096,,,,,,,2.0,12.0,103.65,,,,,,,85.4,55.0,,C:/Users/User/Desktop/AISCIA/task3/AISCIA_task3/Clean Data for Dr. Fadwa/Bioterg i wt.%\CeO\0.0125\3\extracted_frames\frame_071.png
1664,Bioterg i wt.%,CeO,0.0125,3,9,108.46,33.77,,,,,,,2.0,9.0,108.65,,,,,,,83.0,47.8,,C:/Users/User/Desktop/AISCIA/task3/AISCIA_task3/Clean Data for Dr. Fadwa/Bioterg i wt.%\CeO\0.0125\3\extracted_frames\frame_072.png
1665,Bioterg i wt.%,CeO,0.0125,3,10,113.46,28.507,,,,,,,2.0,9.0,113.65,,,,,,,81.1,41.1,,C:/Users/User/Desktop/AISCIA/task3/AISCIA_task3/Clean Data for Dr. Fadwa/Bioterg i wt.%\CeO\0.0125\3\extracted_frames\frame_073.png
1666,Bioterg i wt.%,CeO,0.0125,3,11,118.46,23.067,,,,,,,3.0,9.0,118.65,,,,,,,78.4,34.7,,C:/Users/User/Desktop/AISCIA/task3/AISCIA_task3/Clean Data for Dr. Fadwa/Bioterg i wt.%\CeO\0.0125\3\extracted_frames\frame_074.png
1667,Bioterg i wt.%,CeO,0.0125,3,12,123.46,18.86,,,,,,,3.0,9.0,123.65,,,,,,,77.1,30.4,,C:/Users/User/Desktop/AISCIA/task3/AISCIA_task3/Clean Data for Dr. Fadwa/Bioterg i wt.%\CeO\0.0125\3\extracted_frames\frame_075.png
1668,Bioterg i wt.%,CeO,0.0125,3,13,128.46,14.589,,,,,,,2.0,6.0,128.65,,,,,,,75.6,25.6,,C:/Users/User/Desktop/AISCIA/task3/AISCIA_task3/Clean Data for Dr. Fadwa/Bioterg i wt.%\CeO\0.0125\3\extracted_frames\frame_076.png
1669,Bioterg i wt.%,CeO,0.0125,3,14,133.46,11.875,,,,,,,2.0,6.0,133.65,,,,,,,73.9,21.6,,C:/Users/User/Desktop/AISCIA/task3/AISCIA_task3/Clean Data for Dr. Fadwa/Bioterg i wt.%\CeO\0.0125\3\extracted_frames\frame_077.png
1670,Bioterg i wt.%,CeO,0.0125,3,15,138.46,9.51,,,,,,,2.0,7.0,138.65,,,,,,,72.6,18.4,,C:/Users/User/Desktop/AISCIA/task3/AISCIA_task3/Clean Data for Dr. Fadwa/Bioterg i wt.%\CeO\0.0125\3\extracted_frames\frame_078.png
1671,Bioterg i wt.%,CeO,0.0125,3,16,143.46,7.462,,,,,,,2.0,5.0,143.65,,,,,,,71.8,16.0,,C:/Users/User/Desktop/AISCIA/task3/AISCIA_task3/Clean Data for Dr. Fadwa/Bioterg i wt.%\CeO\0.0125\3\extracted_frames\frame_079.png
1672,Bioterg i wt.%,CeO,0.0125,3,17,148.46,5.849,,,,,,,2.0,5.0,148.65,,,,,,,71.1,13.8,,C:/Users/User/Desktop/AISCIA/task3/AISCIA_task3/Clean Data for Dr. Fadwa/Bioterg i wt.%\CeO\0.0125\3\extracted_frames\frame_080.png
1673,Bioterg i wt.%,CeO,0.0125,3,18,153.46,4.623,,,,,,,2.0,5.0,153.65,,,,,,,69.6,12.2,,C:/Users/User/Desktop/AISCIA/task3/AISCIA_task3/Clean Data for Dr. Fadwa/Bioterg i wt.%\CeO\0.0125\3\extracted_frames\frame_081.png
1674,Bioterg i wt.%,CeO,0.0125,3,19,158.46,3.971,,,,,,,2.0,4.0,158.65,,,,,,,68.7,10.9,,C:/Users/User/Desktop/AISCIA/task3/AISCIA_task3/Clean Data for Dr. Fadwa/Bioterg i wt.%\CeO\0.0125\3\extracted_frames\frame_082.png
1675,Bioterg i wt.%,CeO,0.0125,3,20,163.46,3.192,,,,,,,1.0,2.0,163.65,,,,,,,67.8,9.8,,C:/Users/User/Desktop/AISCIA/task3/AISCIA_task3/Clean Data for Dr. Fadwa/Bioterg i wt.%\CeO\0.0125\3\extracted_frames\frame_083.png
1676,Bioterg i wt.%,CeO,0.0125,3,21,168.46,2.708,,,,,,,1.0,2.0,168.65,,,,,,,67.2,9.0,,C:/Users/User/Desktop/AISCIA/task3/AISCIA_task3/Clean Data for Dr. Fadwa/Bioterg i wt.%\CeO\0.0125\3\extracted_frames\frame_084.png
1677,Bioterg i wt.%,CeO,0.0125,3,22,173.46,2.289,,,,,,,1.0,2.0,173.65,,,,,,,66.5,8.5,,C:/Users/User/Desktop/AISCIA/task3/AISCIA_task3/Clean Data for Dr. Fadwa/Bioterg i wt.%\CeO\0.0125\3\extracted_frames\frame_085.png
1678,Bioterg i wt.%,CeO,0.0125,3,23,178.46,1.872,,,,,,,2.0,5.0,178.65,,,,,,,65.8,7.9,,C:/Users/User/Desktop/AISCIA/task3/AISCIA_task3/Clean Data for Dr. Fadwa/Bioterg i wt.%\CeO\0.0125\3\extracted_frames\frame_086.png
1679,Bioterg i wt.%,CeO,0.0125,3,24,183.46,1.616,,,,,,,2.0,3.0,183.65,,,,,,,65.2,7.4,,C:/Users/User/Desktop/AISCIA/task3/AISCIA_task3/Clean Data for Dr. Fadwa/Bioterg i wt.%\CeO\0.0125\3\extracted_frames\frame_087.png
1680,Bioterg i wt.%,CeO,0.0125,3,25,188.46,1.406,,,,,,,1.0,2.0,188.65,,,,,,,64.5,6.9,,C:/Users/User/Desktop/AISCIA/task3/AISCIA_task3/Clean Data for Dr. Fadwa/Bioterg i wt.%\CeO\0.0125\3\extracted_frames\frame_088.png
1681,Bioterg i wt.%,CeO,0.0125,3,26,193.46,1.214,,,,,,,2.0,4.0,193.65,,,,,,,64.0,6.6,,C:/Users/User/Desktop/AISCIA/task3/AISCIA_task3/Clean Data for Dr. Fadwa/Bioterg i wt.%\CeO\0.0125\3\extracted_frames\frame_089.png
1682,Bioterg i wt.%,CeO,0.0125,3,27,198.46,1.137,,,,,,,2.0,3.0,198.65,,,,,,,63.4,6.1,,C:/Users/User/Desktop/AISCIA/task3/AISCIA_task3/Clean Data for Dr. Fadwa/Bioterg i wt.%\CeO\0.0125\3\extracted_frames\frame_090.png
1683,Bioterg i wt.%,CeO,0.0125,3,28,203.46,1.026,,,,,,,2.0,3.0,203.65,,,,,,,62.7,5.8,,C:/Users/User/Desktop/AISCIA/task3/AISCIA_task3/Clean Data for Dr. Fadwa/Bioterg i wt.%\CeO\0.0125\3\extracted_frames\frame_091.png
1684,Bioterg i wt.%,CeO,0.0125,3,29,208.46,0.925,,,,,,,2.0,3.0,208.65,,,,,,,62.1,5.5,,C:/Users/User/Desktop/AISCIA/task3/AISCIA_task3/Clean Data for Dr. Fadwa/Bioterg i wt.%\CeO\0.0125\3\extracted_frames\frame_092.png
1685,Bioterg i wt.%,CeO,0.0125,3,30,213.46,0.837,,,,,,,2.0,3.0,213.65,,,,,,,61.6,5.3,,C:/Users/User/Desktop/AISCIA/task3/AISCIA_task3/Clean Data for Dr. Fadwa/Bioterg i wt.%\CeO\0.0125\3\extracted_frames\frame_093.png
1686,Bioterg i wt.%,CeO,0.0125,3,31,218.46,0.836,,,,,,,2.0,3.0,218.65,,,,,,,60.6,5.0,,C:/Users/User/Desktop/AISCIA/task3/AISCIA_task3/Clean Data for Dr. Fadwa/Bioterg i wt.%\CeO\0.0125\3\extracted_frames\frame_094.png
1687,Bioterg i wt.%,CeO,0.0125,3,32,223.46,0.786,,,,,,,2.0,3.0,223.65,,,,,,,60.4,5.0,,C:/Users/User/Desktop/AISCIA/task3/AISCIA_task3/Clean Data for Dr. Fadwa/Bioterg i wt.%\CeO\0.0125\3\extracted_frames\frame_095.png
1688,Bioterg i wt.%,CeO,0.0125,3,33,228.46,0.724,,,,,,,2.0,3.0,228.65,,,,,,,60.0,4.7,,C:/Users/User/Desktop/AISCIA/task3/AISCIA_task3/Clean Data for Dr. Fadwa/Bioterg i wt.%\CeO\0.0125\3\extracted_frames\frame_096.png
1689,Bioterg i wt.%,CeO,0.0125,3,34,233.46,0.695,,,,,,,1.0,2.0,233.65,,,,,,,59.4,4.7,,C:/Users/User/Desktop/AISCIA/task3/AISCIA_task3/Clean Data for Dr. Fadwa/Bioterg i wt.%\CeO\0.0125\3\extracted_frames\frame_097.png
1690,Bioterg i wt.%,CeO,0.0125,3,35,238.46,0.649,,,,,,,2.0,3.0,238.65,,,,,,,59.0,4.7,,C:/Users/User/Desktop/AISCIA/task3/AISCIA_task3/Clean Data for Dr. Fadwa/Bioterg i wt.%\CeO\0.0125\3\extracted_frames\frame_098.png
1691,Bioterg i wt.%,CeO,0.0125,3,36,243.46,0.626,,,,,,,2.0,3.0,243.65,,,,,,,58.4,4.5,,C:/Users/User/Desktop/AISCIA/task3/AISCIA_task3/Clean Data for Dr. Fadwa/Bioterg i wt.%\CeO\0.0125\3\extracted_frames\frame_099.png
1692,Bioterg i wt.%,CeO,0.0125,3,37,248.46,0.672,,,,,,,2.0,3.0,248.65,,,,,,,57.9,4.5,,C:/Users/User/Desktop/AISCIA/task3/AISCIA_task3/Clean Data for Dr. Fadwa/Bioterg i wt.%\CeO\0.0125\3\extracted_frames\frame_100.png
1693,Bioterg i wt.%,CeO,0.0125,3,38,253.46,0.788,,,,,,,2.0,3.0,253.65,,,,,,,57.5,4.5,,C:/Users/User/Desktop/AISCIA/task3/AISCIA_task3/Clean Data for Dr. Fadwa/Bioterg i wt.%\CeO\0.0125\3\extracted_frames\frame_101.png
1694,Bioterg i wt.%,CeO,0.0125,3,39,258.46,0.756,,,,,,,2.0,3.0,258.65,,,,,,,56.8,4.5,,C:/Users/User/Desktop/AISCIA/task3/AISCIA_task3/Clean Data for Dr. Fadwa/Bioterg i wt.%\CeO\0.0125\3\extracted_frames\frame_102.png
1695,Bioterg i wt.%,CeO,0.0125,3,40,263.46,0.723,,,,,,,2.0,3.0,263.65,,,,,,,56.5,4.2,,C:/Users/User/Desktop/AISCIA/task3/AISCIA_task3/Clean Data for Dr. Fadwa/Bioterg i wt.%\CeO\0.0125\3\extracted_frames\frame_103.png
1696,Bioterg i wt.%,CeO,0.0125,3,41,268.46,0.645,,,,,,,2.0,3.0,268.65,,,,,,,55.9,4.2,,C:/Users/User/Desktop/AISCIA/task3/AISCIA_task3/Clean Data for Dr. Fadwa/Bioterg i wt.%\CeO\0.0125\3\extracted_frames\frame_104.png
1697,Bioterg i wt.%,CeO,0.0125,3,42,273.46,0.674,,,,,,,1.0,-1.0,273.65,,,,,,,55.1,4.5,,C:/Users/User/Desktop/AISCIA/task3/AISCIA_task3/Clean Data for Dr. Fadwa/Bioterg i wt.%\CeO\0.0125\3\extracted_frames\frame_105.png
1698,Bioterg i wt.%,CeO,0.0125,3,43,278.46,0.662,,,,,,,1.0,-1.0,278.65,,,,,,,54.7,4.5,,C:/Users/User/Desktop/AISCIA/task3/AISCIA_task3/Clean Data for Dr. Fadwa/Bioterg i wt.%\CeO\0.0125\3\extracted_frames\frame_106.png
1699,Bioterg i wt.%,CeO,0.0125,3,44,283.46,0.642,,,,,,,1.0,-1.0,283.65,,,,,,,54.5,4.7,,C:/Users/User/Desktop/AISCIA/task3/AISCIA_task3/Clean Data for Dr. Fadwa/Bioterg i wt.%\CeO\0.0125\3\extracted_frames\frame_107.png
1700,Bioterg i wt.%,CeO,0.0125,3,45,288.46,0.583,,,,,,,1.0,-1.0,288.65,,,,,,,53.8,4.7,,C:/Users/User/Desktop/AISCIA/task3/AISCIA_task3/Clean Data for Dr. Fadwa/Bioterg i wt.%\CeO\0.0125\3\extracted_frames\frame_108.png
1701,Bioterg i wt.%,CeO,0.0125,3,46,293.46,0.574,,,,,,,1.0,0.0,293.65,,,,,,,53.2,4.5,,C:/Users/User/Desktop/AISCIA/task3/AISCIA_task3/Clean Data for Dr. Fadwa/Bioterg i wt.%\CeO\0.0125\3\extracted_frames\frame_109.png
1702,Bioterg i wt.%,CeO,0.0125,3,47,298.46,0.536,,,,,,,1.0,0.0,298.65,,,,,,,53.0,4.7,,C:/Users/User/Desktop/AISCIA/task3/AISCIA_task3/Clean Data for Dr. Fadwa/Bioterg i wt.%\CeO\0.0125\3\extracted_frames\frame_110.png
1703,Bioterg i wt.%,CeO,0.0125,3,48,303.46,0.541,,,,,,,1.0,0.0,303.65,,,,,,,52.4,4.2,,C:/Users/User/Desktop/AISCIA/task3/AISCIA_task3/Clean Data for Dr. Fadwa/Bioterg i wt.%\CeO\0.0125\3\extracted_frames\frame_111.png
1704,Bioterg i wt.%,CeO,0.0125,3,49,308.46,0.501,,,,,,,1.0,0.0,308.65,,,,,,,52.0,4.2,,C:/Users/User/Desktop/AISCIA/task3/AISCIA_task3/Clean Data for Dr. Fadwa/Bioterg i wt.%\CeO\0.0125\3\extracted_frames\frame_112.png
1705,Bioterg i wt.%,CeO,0.0125,3,50,313.46,0.518,,,,,,,1.0,1.0,313.65,,,,,,,51.8,4.2,,C:/Users/User/Desktop/AISCIA/task3/AISCIA_task3/Clean Data for Dr. Fadwa/Bioterg i wt.%\CeO\0.0125\3\extracted_frames\frame_113.png
1706,Bioterg i wt.%,CeO,0.0125,3,51,318.46,0.549,,,,,,,1.0,1.0,318.65,,,,,,,51.2,4.2,,C:/Users/User/Desktop/AISCIA/task3/AISCIA_task3/Clean Data for Dr. Fadwa/Bioterg i wt.%\CeO\0.0125\3\extracted_frames\frame_114.png
1707,Bioterg i wt.%,CeO,0.0125,3,52,323.46,0.579,,,,,,,1.0,1.0,323.65,,,,,,,50.8,4.5,,C:/Users/User/Desktop/AISCIA/task3/AISCIA_task3/Clean Data for Dr. Fadwa/Bioterg i wt.%\CeO\0.0125\3\extracted_frames\frame_115.png
1708,Bioterg i wt.%,CeO,0.0125,3,53,328.46,0.58,,,,,,,1.0,1.0,328.65,,,,,,,50.3,4.2,,C:/Users/User/Desktop/AISCIA/task3/AISCIA_task3/Clean Data for Dr. Fadwa/Bioterg i wt.%\CeO\0.0125\3\extracted_frames\frame_116.png
1709,Bioterg i wt.%,CeO,0.0125,3,54,333.46,0.528,,,,,,,1.0,1.0,333.65,,,,,,,49.6,3.9,,C:/Users/User/Desktop/AISCIA/task3/AISCIA_task3/Clean Data for Dr. Fadwa/Bioterg i wt.%\CeO\0.0125\3\extracted_frames\frame_117.png
1710,Bioterg i wt.%,CeO,0.0125,3,55,338.46,0.574,,,,,,,1.0,1.0,338.65,,,,,,,48.9,3.9,,C:/Users/User/Desktop/AISCIA/task3/AISCIA_task3/Clean Data for Dr. Fadwa/Bioterg i wt.%\CeO\0.0125\3\extracted_frames\frame_118.png
1711,Bioterg i wt.%,CeO,0.0125,3,56,343.46,0.575,,,,,,,1.0,1.0,343.65,,,,,,,48.7,4.2,,C:/Users/User/Desktop/AISCIA/task3/AISCIA_task3/Clean Data for Dr. Fadwa/Bioterg i wt.%\CeO\0.0125\3\extracted_frames\frame_119.png
1712,Bioterg i wt.%,CeO,0.0125,3,57,348.46,0.538,,,,,,,1.0,1.0,348.65,,,,,,,48.3,3.9,,C:/Users/User/Desktop/AISCIA/task3/AISCIA_task3/Clean Data for Dr. Fadwa/Bioterg i wt.%\CeO\0.0125\3\extracted_frames\frame_120.png
1713,Bioterg i wt.%,CeO,0.0125,3,58,353.46,0.439,,,,,,,1.0,0.0,353.65,,,,,,,47.9,4.2,,C:/Users/User/Desktop/AISCIA/task3/AISCIA_task3/Clean Data for Dr. Fadwa/Bioterg i wt.%\CeO\0.0125\3\extracted_frames\frame_121.png
1714,Bioterg i wt.%,CeO,0.0125,3,59,358.46,0.41,,,,,,,1.0,2.0,358.65,,,,,,,47.6,3.9,,C:/Users/User/Desktop/AISCIA/task3/AISCIA_task3/Clean Data for Dr. Fadwa/Bioterg i wt.%\CeO\0.0125\3\extracted_frames\frame_122.png
1715,Bioterg i wt.%,CeO,0.0125,3,60,363.46,0.436,,,,,,,1.0,2.0,363.65,,,,,,,47.1,3.9,,C:/Users/User/Desktop/AISCIA/task3/AISCIA_task3/Clean Data for Dr. Fadwa/Bioterg i wt.%\CeO\0.0125\3\extracted_frames\frame_123.png
1716,Bioterg i wt.%,CeO,0.0125,3,61,368.46,0.506,,,,,,,1.0,2.0,368.65,,,,,,,46.6,3.7,,C:/Users/User/Desktop/AISCIA/task3/AISCIA_task3/Clean Data for Dr. Fadwa/Bioterg i wt.%\CeO\0.0125\3\extracted_frames\frame_124.png
1717,Bioterg i wt.%,CeO,0.0125,3,62,373.46,0.468,,,,,,,2.0,2.0,373.65,,,,,,,46.2,3.9,,C:/Users/User/Desktop/AISCIA/task3/AISCIA_task3/Clean Data for Dr. Fadwa/Bioterg i wt.%\CeO\0.0125\3\extracted_frames\frame_125.png
1718,Bioterg i wt.%,CeO,0.0125,3,63,378.46,0.565,,,,,,,2.0,3.0,378.65,,,,,,,45.8,3.9,,C:/Users/User/Desktop/AISCIA/task3/AISCIA_task3/Clean Data for Dr. Fadwa/Bioterg i wt.%\CeO\0.0125\3\extracted_frames\frame_126.png
1719,Bioterg i wt.%,CeO,0.0125,3,64,383.46,0.517,,,,,,,1.0,1.0,383.65,,,,,,,45.2,3.7,,C:/Users/User/Desktop/AISCIA/task3/AISCIA_task3/Clean Data for Dr. Fadwa/Bioterg i wt.%\CeO\0.0125\3\extracted_frames\frame_127.png
1720,Bioterg i wt.%,CeO,0.0125,3,65,388.46,0.543,,,,,,,1.0,1.0,388.65,,,,,,,44.9,3.7,,C:/Users/User/Desktop/AISCIA/task3/AISCIA_task3/Clean Data for Dr. Fadwa/Bioterg i wt.%\CeO\0.0125\3\extracted_frames\frame_128.png
1721,Bioterg i wt.%,CeO,0.0125,3,66,393.46,0.506,,,,,,,1.0,1.0,393.65,,,,,,,44.5,3.7,,C:/Users/User/Desktop/AISCIA/task3/AISCIA_task3/Clean Data for Dr. Fadwa/Bioterg i wt.%\CeO\0.0125\3\extracted_frames\frame_129.png
1722,Bioterg i wt.%,CeO,0.0125,3,67,398.46,0.541,,,,,,,1.0,1.0,398.65,,,,,,,44.4,3.7,,C:/Users/User/Desktop/AISCIA/task3/AISCIA_task3/Clean Data for Dr. Fadwa/Bioterg i wt.%\CeO\0.0125\3\extracted_frames\frame_130.png
1723,Bioterg i wt.%,CeO,0.0125,3,68,403.46,0.573,,,,,,,1.0,0.0,403.65,,,,,,,44.3,3.4,,C:/Users/User/Desktop/AISCIA/task3/AISCIA_task3/Clean Data for Dr. Fadwa/Bioterg i wt.%\CeO\0.0125\3\extracted_frames\frame_131.png
1724,Bioterg i wt.%,CeO,0.0125,3,69,408.46,0.632,,,,,,,1.0,0.0,408.65,,,,,,,43.7,3.4,,C:/Users/User/Desktop/AISCIA/task3/AISCIA_task3/Clean Data for Dr. Fadwa/Bioterg i wt.%\CeO\0.0125\3\extracted_frames\frame_132.png
1725,Bioterg i wt.%,CeO,0.0125,3,70,413.46,0.69,,,,,,,1.0,0.0,413.65,,,,,,,43.6,3.7,,C:/Users/User/Desktop/AISCIA/task3/AISCIA_task3/Clean Data for Dr. Fadwa/Bioterg i wt.%\CeO\0.0125\3\extracted_frames\frame_133.png
1726,Bioterg i wt.%,CeO,0.0125,3,71,418.46,0.554,,,,,,,1.0,-1.0,418.65,,,,,,,43.0,4.2,,C:/Users/User/Desktop/AISCIA/task3/AISCIA_task3/Clean Data for Dr. Fadwa/Bioterg i wt.%\CeO\0.0125\3\extracted_frames\frame_134.png
1727,Bioterg i wt.%,CeO,0.0125,3,72,423.46,0.6,,,,,,,1.0,-1.0,423.65,,,,,,,42.3,4.2,,C:/Users/User/Desktop/AISCIA/task3/AISCIA_task3/Clean Data for Dr. Fadwa/Bioterg i wt.%\CeO\0.0125\3\extracted_frames\frame_135.png
1728,Bioterg i wt.%,CeO,0.0125,3,73,428.46,0.49,,,,,,,1.0,,428.65,,,,,,,41.7,4.2,,C:/Users/User/Desktop/AISCIA/task3/AISCIA_task3/Clean Data for Dr. Fadwa/Bioterg i wt.%\CeO\0.0125\3\extracted_frames\frame_136.png
1729,Bioterg i wt.%,CeO,0.0125,3,74,433.46,0.265,,,,,,,0.0,-2.0,433.65,,,,,,,41.4,3.9,,C:/Users/User/Desktop/AISCIA/task3/AISCIA_task3/Clean Data for Dr. Fadwa/Bioterg i wt.%\CeO\0.0125\3\extracted_frames\frame_137.png
1730,Bioterg i wt.%,CeO,0.0125,3,75,438.46,0.379,,,,,,,1.0,-1.0,438.65,,,,,,,40.9,3.9,,C:/Users/User/Desktop/AISCIA/task3/AISCIA_task3/Clean Data for Dr. Fadwa/Bioterg i wt.%\CeO\0.0125\3\extracted_frames\frame_138.png
1731,Bioterg i wt.%,CeO,0.0125,3,76,443.46,0.391,,,,,,,1.0,-1.0,443.65,,,,,,,40.8,3.9,,C:/Users/User/Desktop/AISCIA/task3/AISCIA_task3/Clean Data for Dr. Fadwa/Bioterg i wt.%\CeO\0.0125\3\extracted_frames\frame_139.png
1732,Bioterg i wt.%,CeO,0.0125,3,77,448.46,0.331,,,,,,,1.0,-2.0,448.65,,,,,,,40.6,4.2,,C:/Users/User/Desktop/AISCIA/task3/AISCIA_task3/Clean Data for Dr. Fadwa/Bioterg i wt.%\CeO\0.0125\3\extracted_frames\frame_140.png
1733,Bioterg i wt.%,CeO,0.0125,3,78,453.46,0.352,,,,,,,1.0,-2.0,453.65,,,,,,,39.9,4.2,,C:/Users/User/Desktop/AISCIA/task3/AISCIA_task3/Clean Data for Dr. Fadwa/Bioterg i wt.%\CeO\0.0125\3\extracted_frames\frame_141.png
1734,Bioterg i wt.%,CeO,0.0125,3,79,458.46,0.369,,,,,,,1.0,-2.0,458.65,,,,,,,39.6,4.2,,C:/Users/User/Desktop/AISCIA/task3/AISCIA_task3/Clean Data for Dr. Fadwa/Bioterg i wt.%\CeO\0.0125\3\extracted_frames\frame_142.png
1735,Bioterg i wt.%,CeO,0.0125,3,80,463.46,0.377,,,,,,,1.0,-2.0,463.65,,,,,,,39.2,4.2,,C:/Users/User/Desktop/AISCIA/task3/AISCIA_task3/Clean Data for Dr. Fadwa/Bioterg i wt.%\CeO\0.0125\3\extracted_frames\frame_143.png
1736,Bioterg i wt.%,CeO,0.0125,3,81,468.46,0.282,,,,,,,0.0,-3.0,468.65,,,,,,,38.6,4.2,,C:/Users/User/Desktop/AISCIA/task3/AISCIA_task3/Clean Data for Dr. Fadwa/Bioterg i wt.%\CeO\0.0125\3\extracted_frames\frame_144.png
1737,Bioterg i wt.%,CeO,0.0125,3,82,473.46,0.277,,,,,,,-1.0,-2.0,473.65,,,,,,,38.3,4.2,,C:/Users/User/Desktop/AISCIA/task3/AISCIA_task3/Clean Data for Dr. Fadwa/Bioterg i wt.%\CeO\0.0125\3\extracted_frames\frame_145.png
1738,Bioterg i wt.%,CeO,0.0125,3,83,478.46,0.285,,,,,,,-1.0,-2.0,478.65,,,,,,,37.7,3.9,,C:/Users/User/Desktop/AISCIA/task3/AISCIA_task3/Clean Data for Dr. Fadwa/Bioterg i wt.%\CeO\0.0125\3\extracted_frames\frame_146.png
1739,Bioterg i wt.%,CeO,0.0125,3,84,483.46,0.331,,,,,,,0.0,-2.0,483.65,,,,,,,37.6,3.9,,C:/Users/User/Desktop/AISCIA/task3/AISCIA_task3/Clean Data for Dr. Fadwa/Bioterg i wt.%\CeO\0.0125\3\extracted_frames\frame_147.png
1740,Bioterg i wt.%,CeO,0.0125,3,85,488.46,0.316,,,,,,,-1.0,-2.0,488.65,,,,,,,37.2,3.9,,C:/Users/User/Desktop/AISCIA/task3/AISCIA_task3/Clean Data for Dr. Fadwa/Bioterg i wt.%\CeO\0.0125\3\extracted_frames\frame_148.png
1741,Bioterg i wt.%,CeO,0.0125,3,86,493.46,0.308,,,,,,,-1.0,-1.0,493.65,,,,,,,37.0,4.2,,C:/Users/User/Desktop/AISCIA/task3/AISCIA_task3/Clean Data for Dr. Fadwa/Bioterg i wt.%\CeO\0.0125\3\extracted_frames\frame_149.png
1742,Bioterg i wt.%,CeO,0.0125,3,87,498.46,0.232,,,,,,,-2.0,5.0,498.65,,,,,,,36.8,4.2,,C:/Users/User/Desktop/AISCIA/task3/AISCIA_task3/Clean Data for Dr. Fadwa/Bioterg i wt.%\CeO\0.0125\3\extracted_frames\frame_150.png
1743,Bioterg i wt.%,CeO,0.0125,3,88,503.46,0.243,,,,,,,-2.0,4.0,503.65,,,,,,,36.5,4.2,,C:/Users/User/Desktop/AISCIA/task3/AISCIA_task3/Clean Data for Dr. Fadwa/Bioterg i wt.%\CeO\0.0125\3\extracted_frames\frame_151.png
1744,Bioterg i wt.%,CeO,0.0125,3,89,508.46,0.284,,,,,,,-1.0,1.0,508.65,,,,,,,35.8,3.7,,C:/Users/User/Desktop/AISCIA/task3/AISCIA_task3/Clean Data for Dr. Fadwa/Bioterg i wt.%\CeO\0.0125\3\extracted_frames\frame_152.png
1745,Bioterg i wt.%,CeO,0.0125,3,90,513.46,0.331,,,,,,,-1.0,-1.0,513.65,,,,,,,35.3,3.9,,C:/Users/User/Desktop/AISCIA/task3/AISCIA_task3/Clean Data for Dr. Fadwa/Bioterg i wt.%\CeO\0.0125\3\extracted_frames\frame_153.png
4280,Bioterg i wt.%,MnO2,0.0125,1,0,64.92,40.467,,,,,,,1.0,4.0,100.99,,,,,,,99.8,101.9,,C:/Users/User/Desktop/AISCIA/task3/AISCIA_task3/Clean Data for Dr. Fadwa/Bioterg i wt.%\MnO2\0.0125\1\extracted_frames\frame_063.png
4281,Bioterg i wt.%,MnO2,0.0125,1,1,69.92,48.262,,,,,,,1.0,1.0,100.99,,,,,,,99.8,101.9,,C:/Users/User/Desktop/AISCIA/task3/AISCIA_task3/Clean Data for Dr. Fadwa/Bioterg i wt.%\MnO2\0.0125\1\extracted_frames\frame_064.png
4282,Bioterg i wt.%,MnO2,0.0125,1,2,74.92,45.331,,,,,,,1.0,1.0,100.99,,,,,,,99.8,101.9,,C:/Users/User/Desktop/AISCIA/task3/AISCIA_task3/Clean Data for Dr. Fadwa/Bioterg i wt.%\MnO2\0.0125\1\extracted_frames\frame_065.png
4283,Bioterg i wt.%,MnO2,0.0125,1,3,79.92,44.532,,,,,,,1.0,3.0,100.99,,,,,,,99.8,101.9,,C:/Users/User/Desktop/AISCIA/task3/AISCIA_task3/Clean Data for Dr. Fadwa/Bioterg i wt.%\MnO2\0.0125\1\extracted_frames\frame_066.png
4284,Bioterg i wt.%,MnO2,0.0125,1,4,84.92,44.706,,,,,,,2.0,7.0,100.99,,,,,,,99.8,101.9,,C:/Users/User/Desktop/AISCIA/task3/AISCIA_task3/Clean Data for Dr. Fadwa/Bioterg i wt.%\MnO2\0.0125\1\extracted_frames\frame_067.png
4285,Bioterg i wt.%,MnO2,0.0125,1,5,89.92,44.253,,,,,,,2.0,11.0,100.99,,,,,,,99.8,101.9,,C:/Users/User/Desktop/AISCIA/task3/AISCIA_task3/Clean Data for Dr. Fadwa/Bioterg i wt.%\MnO2\0.0125\1\extracted_frames\frame_068.png
4286,Bioterg i wt.%,MnO2,0.0125,1,6,94.92,41.878,,,,,,,3.0,13.0,100.99,,,,,,,99.8,101.9,,C:/Users/User/Desktop/AISCIA/task3/AISCIA_task3/Clean Data for Dr. Fadwa/Bioterg i wt.%\MnO2\0.0125\1\extracted_frames\frame_069.png
4287,Bioterg i wt.%,MnO2,0.0125,1,7,99.92,38.198,,,,,,,3.0,15.0,100.99,,,,,,,99.8,101.9,,C:/Users/User/Desktop/AISCIA/task3/AISCIA_task3/Clean Data for Dr. Fadwa/Bioterg i wt.%\MnO2\0.0125\1\extracted_frames\frame_070.png
4288,Bioterg i wt.%,MnO2,0.0125,1,8,104.92,33.649,,,,,,,3.0,16.0,104.99,,,,,,,98.7,107.7,,C:/Users/User/Desktop/AISCIA/task3/AISCIA_task3/Clean Data for Dr. Fadwa/Bioterg i wt.%\MnO2\0.0125\1\extracted_frames\frame_071.png
4289,Bioterg i wt.%,MnO2,0.0125,1,9,109.92,28.611,,,,,,,3.0,14.0,109.99,,,,,,,98.3,111.6,,C:/Users/User/Desktop/AISCIA/task3/AISCIA_task3/Clean Data for Dr. Fadwa/Bioterg i wt.%\MnO2\0.0125\1\extracted_frames\frame_072.png
4290,Bioterg i wt.%,MnO2,0.0125,1,10,114.92,23.806,,,,,,,2.0,9.0,114.99,,,,,,,98.2,111.6,,C:/Users/User/Desktop/AISCIA/task3/AISCIA_task3/Clean Data for Dr. Fadwa/Bioterg i wt.%\MnO2\0.0125\1\extracted_frames\frame_073.png
4291,Bioterg i wt.%,MnO2,0.0125,1,11,119.92,19.954,,,,,,,2.0,6.0,119.99,,,,,,,96.6,109.7,,C:/Users/User/Desktop/AISCIA/task3/AISCIA_task3/Clean Data for Dr. Fadwa/Bioterg i wt.%\MnO2\0.0125\1\extracted_frames\frame_074.png
4292,Bioterg i wt.%,MnO2,0.0125,1,12,124.92,15.136,,,,,,,2.0,4.0,124.99,,,,,,,95.8,103.9,,C:/Users/User/Desktop/AISCIA/task3/AISCIA_task3/Clean Data for Dr. Fadwa/Bioterg i wt.%\MnO2\0.0125\1\extracted_frames\frame_075.png
4293,Bioterg i wt.%,MnO2,0.0125,1,13,129.92,12.168,,,,,,,2.0,4.0,129.99,,,,,,,94.9,94.2,,C:/Users/User/Desktop/AISCIA/task3/AISCIA_task3/Clean Data for Dr. Fadwa/Bioterg i wt.%\MnO2\0.0125\1\extracted_frames\frame_076.png
4294,Bioterg i wt.%,MnO2,0.0125,1,14,134.92,10.032,,,,,,,2.0,4.0,134.99,,,,,,,94.0,84.5,,C:/Users/User/Desktop/AISCIA/task3/AISCIA_task3/Clean Data for Dr. Fadwa/Bioterg i wt.%\MnO2\0.0125\1\extracted_frames\frame_077.png
4295,Bioterg i wt.%,MnO2,0.0125,1,15,139.92,7.96,,,,,,,2.0,3.0,139.99,,,,,,,93.2,76.8,,C:/Users/User/Desktop/AISCIA/task3/AISCIA_task3/Clean Data for Dr. Fadwa/Bioterg i wt.%\MnO2\0.0125\1\extracted_frames\frame_078.png
4296,Bioterg i wt.%,MnO2,0.0125,1,16,144.92,6.158,,,,,,,2.0,3.0,144.99,,,,,,,92.2,71.0,,C:/Users/User/Desktop/AISCIA/task3/AISCIA_task3/Clean Data for Dr. Fadwa/Bioterg i wt.%\MnO2\0.0125\1\extracted_frames\frame_079.png
4297,Bioterg i wt.%,MnO2,0.0125,1,17,149.92,5.063,,,,,,,2.0,2.0,149.99,,,,,,,91.3,67.1,,C:/Users/User/Desktop/AISCIA/task3/AISCIA_task3/Clean Data for Dr. Fadwa/Bioterg i wt.%\MnO2\0.0125\1\extracted_frames\frame_080.png
4298,Bioterg i wt.%,MnO2,0.0125,1,18,154.92,4.536,,,,,,,2.0,2.0,154.99,,,,,,,89.7,63.2,,C:/Users/User/Desktop/AISCIA/task3/AISCIA_task3/Clean Data for Dr. Fadwa/Bioterg i wt.%\MnO2\0.0125\1\extracted_frames\frame_081.png
4299,Bioterg i wt.%,MnO2,0.0125,1,19,159.92,3.866,,,,,,,1.0,2.0,159.99,,,,,,,89.2,59.4,,C:/Users/User/Desktop/AISCIA/task3/AISCIA_task3/Clean Data for Dr. Fadwa/Bioterg i wt.%\MnO2\0.0125\1\extracted_frames\frame_082.png
4300,Bioterg i wt.%,MnO2,0.0125,1,20,164.92,3.434,,,,,,,2.0,3.0,164.99,,,,,,,88.9,57.4,,C:/Users/User/Desktop/AISCIA/task3/AISCIA_task3/Clean Data for Dr. Fadwa/Bioterg i wt.%\MnO2\0.0125\1\extracted_frames\frame_083.png
4301,Bioterg i wt.%,MnO2,0.0125,1,21,169.92,2.93,,,,,,,2.0,2.0,169.99,,,,,,,88.4,55.5,,C:/Users/User/Desktop/AISCIA/task3/AISCIA_task3/Clean Data for Dr. Fadwa/Bioterg i wt.%\MnO2\0.0125\1\extracted_frames\frame_084.png
4302,Bioterg i wt.%,MnO2,0.0125,1,22,174.92,2.691,,,,,,,2.0,2.0,174.99,,,,,,,87.2,53.6,,C:/Users/User/Desktop/AISCIA/task3/AISCIA_task3/Clean Data for Dr. Fadwa/Bioterg i wt.%\MnO2\0.0125\1\extracted_frames\frame_085.png
4303,Bioterg i wt.%,MnO2,0.0125,1,23,179.92,2.318,,,,,,,2.0,3.0,179.99,,,,,,,86.6,53.6,,C:/Users/User/Desktop/AISCIA/task3/AISCIA_task3/Clean Data for Dr. Fadwa/Bioterg i wt.%\MnO2\0.0125\1\extracted_frames\frame_086.png
4304,Bioterg i wt.%,MnO2,0.0125,1,24,184.92,2.054,,,,,,,1.0,1.0,184.99,,,,,,,85.7,53.6,,C:/Users/User/Desktop/AISCIA/task3/AISCIA_task3/Clean Data for Dr. Fadwa/Bioterg i wt.%\MnO2\0.0125\1\extracted_frames\frame_087.png
4305,Bioterg i wt.%,MnO2,0.0125,1,25,189.92,1.86,,,,,,,1.0,1.0,189.99,,,,,,,84.7,53.6,,C:/Users/User/Desktop/AISCIA/task3/AISCIA_task3/Clean Data for Dr. Fadwa/Bioterg i wt.%\MnO2\0.0125\1\extracted_frames\frame_088.png
4306,Bioterg i wt.%,MnO2,0.0125,1,26,194.92,1.661,,,,,,,1.0,1.0,194.99,,,,,,,84.0,53.6,,C:/Users/User/Desktop/AISCIA/task3/AISCIA_task3/Clean Data for Dr. Fadwa/Bioterg i wt.%\MnO2\0.0125\1\extracted_frames\frame_089.png
4307,Bioterg i wt.%,MnO2,0.0125,1,27,199.92,1.443,,,,,,,1.0,1.0,199.99,,,,,,,84.0,53.6,,C:/Users/User/Desktop/AISCIA/task3/AISCIA_task3/Clean Data for Dr. Fadwa/Bioterg i wt.%\MnO2\0.0125\1\extracted_frames\frame_090.png
4308,Bioterg i wt.%,MnO2,0.0125,1,28,204.92,1.383,,,,,,,1.0,1.0,204.99,,,,,,,83.3,53.6,,C:/Users/User/Desktop/AISCIA/task3/AISCIA_task3/Clean Data for Dr. Fadwa/Bioterg i wt.%\MnO2\0.0125\1\extracted_frames\frame_091.png
4309,Bioterg i wt.%,MnO2,0.0125,1,29,209.92,1.285,,,,,,,1.0,1.0,209.99,,,,,,,82.8,53.6,,C:/Users/User/Desktop/AISCIA/task3/AISCIA_task3/Clean Data for Dr. Fadwa/Bioterg i wt.%\MnO2\0.0125\1\extracted_frames\frame_092.png
4310,Bioterg i wt.%,MnO2,0.0125,1,30,214.92,1.179,,,,,,,1.0,1.0,214.99,,,,,,,81.9,53.6,,C:/Users/User/Desktop/AISCIA/task3/AISCIA_task3/Clean Data for Dr. Fadwa/Bioterg i wt.%\MnO2\0.0125\1\extracted_frames\frame_093.png
4311,Bioterg i wt.%,MnO2,0.0125,1,31,219.92,1.105,,,,,,,1.0,1.0,219.99,,,,,,,81.1,53.6,,C:/Users/User/Desktop/AISCIA/task3/AISCIA_task3/Clean Data for Dr. Fadwa/Bioterg i wt.%\MnO2\0.0125\1\extracted_frames\frame_094.png
4312,Bioterg i wt.%,MnO2,0.0125,1,32,224.92,0.96,,,,,,,1.0,1.0,224.99,,,,,,,80.7,53.6,,C:/Users/User/Desktop/AISCIA/task3/AISCIA_task3/Clean Data for Dr. Fadwa/Bioterg i wt.%\MnO2\0.0125\1\extracted_frames\frame_095.png
4313,Bioterg i wt.%,MnO2,0.0125,1,33,229.92,0.936,,,,,,,1.0,1.0,229.99,,,,,,,79.8,51.6,,C:/Users/User/Desktop/AISCIA/task3/AISCIA_task3/Clean Data for Dr. Fadwa/Bioterg i wt.%\MnO2\0.0125\1\extracted_frames\frame_096.png
4314,Bioterg i wt.%,MnO2,0.0125,1,34,234.93,0.861,,,,,,,1.0,2.0,234.99,,,,,,,79.1,49.7,,C:/Users/User/Desktop/AISCIA/task3/AISCIA_task3/Clean Data for Dr. Fadwa/Bioterg i wt.%\MnO2\0.0125\1\extracted_frames\frame_097.png
4315,Bioterg i wt.%,MnO2,0.0125,1,35,239.93,0.821,,,,,,,1.0,1.0,239.99,,,,,,,78.8,49.7,,C:/Users/User/Desktop/AISCIA/task3/AISCIA_task3/Clean Data for Dr. Fadwa/Bioterg i wt.%\MnO2\0.0125\1\extracted_frames\frame_098.png
4316,Bioterg i wt.%,MnO2,0.0125,1,36,244.93,0.73,,,,,,,1.0,0.0,244.99,,,,,,,78.4,49.7,,C:/Users/User/Desktop/AISCIA/task3/AISCIA_task3/Clean Data for Dr. Fadwa/Bioterg i wt.%\MnO2\0.0125\1\extracted_frames\frame_099.png
4317,Bioterg i wt.%,MnO2,0.0125,1,37,249.93,0.699,,,,,,,1.0,0.0,249.99,,,,,,,77.5,49.7,,C:/Users/User/Desktop/AISCIA/task3/AISCIA_task3/Clean Data for Dr. Fadwa/Bioterg i wt.%\MnO2\0.0125\1\extracted_frames\frame_100.png
4318,Bioterg i wt.%,MnO2,0.0125,1,38,254.93,0.601,,,,,,,1.0,0.0,254.99,,,,,,,76.6,47.8,,C:/Users/User/Desktop/AISCIA/task3/AISCIA_task3/Clean Data for Dr. Fadwa/Bioterg i wt.%\MnO2\0.0125\1\extracted_frames\frame_101.png
4319,Bioterg i wt.%,MnO2,0.0125,1,39,259.93,0.59,,,,,,,1.0,0.0,259.99,,,,,,,76.4,47.8,,C:/Users/User/Desktop/AISCIA/task3/AISCIA_task3/Clean Data for Dr. Fadwa/Bioterg i wt.%\MnO2\0.0125\1\extracted_frames\frame_102.png
4320,Bioterg i wt.%,MnO2,0.0125,1,40,264.93,0.56,,,,,,,1.0,0.0,264.99,,,,,,,75.8,49.7,,C:/Users/User/Desktop/AISCIA/task3/AISCIA_task3/Clean Data for Dr. Fadwa/Bioterg i wt.%\MnO2\0.0125\1\extracted_frames\frame_103.png
4321,Bioterg i wt.%,MnO2,0.0125,1,41,269.93,0.545,,,,,,,1.0,0.0,269.99,,,,,,,75.0,49.7,,C:/Users/User/Desktop/AISCIA/task3/AISCIA_task3/Clean Data for Dr. Fadwa/Bioterg i wt.%\MnO2\0.0125\1\extracted_frames\frame_104.png
4322,Bioterg i wt.%,MnO2,0.0125,1,42,274.93,0.47,,,,,,,0.0,-1.0,274.99,,,,,,,74.4,49.7,,C:/Users/User/Desktop/AISCIA/task3/AISCIA_task3/Clean Data for Dr. Fadwa/Bioterg i wt.%\MnO2\0.0125\1\extracted_frames\frame_105.png
4323,Bioterg i wt.%,MnO2,0.0125,1,43,279.93,0.427,,,,,,,0.0,-1.0,279.99,,,,,,,73.9,47.8,,C:/Users/User/Desktop/AISCIA/task3/AISCIA_task3/Clean Data for Dr. Fadwa/Bioterg i wt.%\MnO2\0.0125\1\extracted_frames\frame_106.png
4324,Bioterg i wt.%,MnO2,0.0125,1,44,284.93,0.415,,,,,,,0.0,-1.0,284.99,,,,,,,73.4,47.8,,C:/Users/User/Desktop/AISCIA/task3/AISCIA_task3/Clean Data for Dr. Fadwa/Bioterg i wt.%\MnO2\0.0125\1\extracted_frames\frame_107.png
4325,Bioterg i wt.%,MnO2,0.0125,1,45,289.93,0.404,,,,,,,1.0,0.0,289.99,,,,,,,73.1,49.7,,C:/Users/User/Desktop/AISCIA/task3/AISCIA_task3/Clean Data for Dr. Fadwa/Bioterg i wt.%\MnO2\0.0125\1\extracted_frames\frame_108.png
4326,Bioterg i wt.%,MnO2,0.0125,1,46,294.93,0.375,,,,,,,1.0,0.0,294.99,,,,,,,72.6,49.7,,C:/Users/User/Desktop/AISCIA/task3/AISCIA_task3/Clean Data for Dr. Fadwa/Bioterg i wt.%\MnO2\0.0125\1\extracted_frames\frame_109.png
4327,Bioterg i wt.%,MnO2,0.0125,1,47,299.93,0.357,,,,,,,0.0,-1.0,299.99,,,,,,,71.6,49.7,,C:/Users/User/Desktop/AISCIA/task3/AISCIA_task3/Clean Data for Dr. Fadwa/Bioterg i wt.%\MnO2\0.0125\1\extracted_frames\frame_110.png
4328,Bioterg i wt.%,MnO2,0.0125,1,48,304.93,0.328,,,,,,,1.0,0.0,304.99,,,,,,,71.3,49.7,,C:/Users/User/Desktop/AISCIA/task3/AISCIA_task3/Clean Data for Dr. Fadwa/Bioterg i wt.%\MnO2\0.0125\1\extracted_frames\frame_111.png
4329,Bioterg i wt.%,MnO2,0.0125,1,49,309.93,0.393,,,,,,,1.0,0.0,309.99,,,,,,,70.7,49.7,,C:/Users/User/Desktop/AISCIA/task3/AISCIA_task3/Clean Data for Dr. Fadwa/Bioterg i wt.%\MnO2\0.0125\1\extracted_frames\frame_112.png
4330,Bioterg i wt.%,MnO2,0.0125,1,50,314.93,0.366,,,,,,,1.0,0.0,314.99,,,,,,,69.8,49.7,,C:/Users/User/Desktop/AISCIA/task3/AISCIA_task3/Clean Data for Dr. Fadwa/Bioterg i wt.%\MnO2\0.0125\1\extracted_frames\frame_113.png
4331,Bioterg i wt.%,MnO2,0.0125,1,51,319.93,0.36,,,,,,,1.0,0.0,319.99,,,,,,,69.6,49.7,,C:/Users/User/Desktop/AISCIA/task3/AISCIA_task3/Clean Data for Dr. Fadwa/Bioterg i wt.%\MnO2\0.0125\1\extracted_frames\frame_114.png
4332,Bioterg i wt.%,MnO2,0.0125,1,52,324.93,0.36,,,,,,,1.0,0.0,324.99,,,,,,,69.1,49.7,,C:/Users/User/Desktop/AISCIA/task3/AISCIA_task3/Clean Data for Dr. Fadwa/Bioterg i wt.%\MnO2\0.0125\1\extracted_frames\frame_115.png
4333,Bioterg i wt.%,MnO2,0.0125,1,53,329.93,0.355,,,,,,,1.0,0.0,329.99,,,,,,,68.6,49.7,,C:/Users/User/Desktop/AISCIA/task3/AISCIA_task3/Clean Data for Dr. Fadwa/Bioterg i wt.%\MnO2\0.0125\1\extracted_frames\frame_116.png
4334,Bioterg i wt.%,MnO2,0.0125,1,54,334.93,0.361,,,,,,,0.0,-1.0,334.99,,,,,,,68.1,47.8,,C:/Users/User/Desktop/AISCIA/task3/AISCIA_task3/Clean Data for Dr. Fadwa/Bioterg i wt.%\MnO2\0.0125\1\extracted_frames\frame_117.png
4335,Bioterg i wt.%,MnO2,0.0125,1,55,339.93,0.374,,,,,,,1.0,-1.0,339.99,,,,,,,67.5,47.8,,C:/Users/User/Desktop/AISCIA/task3/AISCIA_task3/Clean Data for Dr. Fadwa/Bioterg i wt.%\MnO2\0.0125\1\extracted_frames\frame_118.png
4336,Bioterg i wt.%,MnO2,0.0125,1,56,344.93,0.344,,,,,,,1.0,-1.0,344.99,,,,,,,67.1,47.8,,C:/Users/User/Desktop/AISCIA/task3/AISCIA_task3/Clean Data for Dr. Fadwa/Bioterg i wt.%\MnO2\0.0125\1\extracted_frames\frame_119.png
4337,Bioterg i wt.%,MnO2,0.0125,1,57,349.93,0.396,,,,,,,1.0,-1.0,349.99,,,,,,,66.5,47.8,,C:/Users/User/Desktop/AISCIA/task3/AISCIA_task3/Clean Data for Dr. Fadwa/Bioterg i wt.%\MnO2\0.0125\1\extracted_frames\frame_120.png
4338,Bioterg i wt.%,MnO2,0.0125,1,58,354.93,0.41,,,,,,,1.0,-1.0,354.99,,,,,,,65.9,47.8,,C:/Users/User/Desktop/AISCIA/task3/AISCIA_task3/Clean Data for Dr. Fadwa/Bioterg i wt.%\MnO2\0.0125\1\extracted_frames\frame_121.png
4339,Bioterg i wt.%,MnO2,0.0125,1,59,359.93,0.424,,,,,,,1.0,0.0,359.99,,,,,,,64.9,45.8,,C:/Users/User/Desktop/AISCIA/task3/AISCIA_task3/Clean Data for Dr. Fadwa/Bioterg i wt.%\MnO2\0.0125\1\extracted_frames\frame_122.png
4340,Bioterg i wt.%,MnO2,0.0125,1,60,364.93,0.452,,,,,,,1.0,0.0,364.99,,,,,,,64.6,45.8,,C:/Users/User/Desktop/AISCIA/task3/AISCIA_task3/Clean Data for Dr. Fadwa/Bioterg i wt.%\MnO2\0.0125\1\extracted_frames\frame_123.png
4341,Bioterg i wt.%,MnO2,0.0125,1,61,369.93,0.462,,,,,,,1.0,0.0,369.99,,,,,,,64.1,45.8,,C:/Users/User/Desktop/AISCIA/task3/AISCIA_task3/Clean Data for Dr. Fadwa/Bioterg i wt.%\MnO2\0.0125\1\extracted_frames\frame_124.png
4342,Bioterg i wt.%,MnO2,0.0125,1,62,374.93,0.519,,,,,,,1.0,-1.0,374.99,,,,,,,63.7,47.8,,C:/Users/User/Desktop/AISCIA/task3/AISCIA_task3/Clean Data for Dr. Fadwa/Bioterg i wt.%\MnO2\0.0125\1\extracted_frames\frame_125.png
4343,Bioterg i wt.%,MnO2,0.0125,1,63,379.93,0.455,,,,,,,0.0,-1.0,379.99,,,,,,,63.5,47.8,,C:/Users/User/Desktop/AISCIA/task3/AISCIA_task3/Clean Data for Dr. Fadwa/Bioterg i wt.%\MnO2\0.0125\1\extracted_frames\frame_126.png
4344,Bioterg i wt.%,MnO2,0.0125,1,64,384.93,0.412,,,,,,,1.0,-1.0,384.99,,,,,,,62.9,47.8,,C:/Users/User/Desktop/AISCIA/task3/AISCIA_task3/Clean Data for Dr. Fadwa/Bioterg i wt.%\MnO2\0.0125\1\extracted_frames\frame_127.png
4345,Bioterg i wt.%,MnO2,0.0125,1,65,389.93,0.414,,,,,,,1.0,-1.0,389.99,,,,,,,62.1,47.8,,C:/Users/User/Desktop/AISCIA/task3/AISCIA_task3/Clean Data for Dr. Fadwa/Bioterg i wt.%\MnO2\0.0125\1\extracted_frames\frame_128.png
4346,Bioterg i wt.%,MnO2,0.0125,1,66,394.93,0.324,,,,,,,0.0,-1.0,394.99,,,,,,,61.5,47.8,,C:/Users/User/Desktop/AISCIA/task3/AISCIA_task3/Clean Data for Dr. Fadwa/Bioterg i wt.%\MnO2\0.0125\1\extracted_frames\frame_129.png
4347,Bioterg i wt.%,MnO2,0.0125,1,67,399.93,0.327,,,,,,,0.0,-1.0,399.99,,,,,,,61.0,47.8,,C:/Users/User/Desktop/AISCIA/task3/AISCIA_task3/Clean Data for Dr. Fadwa/Bioterg i wt.%\MnO2\0.0125\1\extracted_frames\frame_130.png
4348,Bioterg i wt.%,MnO2,0.0125,1,68,404.93,0.345,,,,,,,0.0,-1.0,404.99,,,,,,,60.4,47.8,,C:/Users/User/Desktop/AISCIA/task3/AISCIA_task3/Clean Data for Dr. Fadwa/Bioterg i wt.%\MnO2\0.0125\1\extracted_frames\frame_131.png
4349,Bioterg i wt.%,MnO2,0.0125,1,69,409.93,0.325,,,,,,,0.0,0.0,409.99,,,,,,,59.9,47.8,,C:/Users/User/Desktop/AISCIA/task3/AISCIA_task3/Clean Data for Dr. Fadwa/Bioterg i wt.%\MnO2\0.0125\1\extracted_frames\frame_132.png
4350,Bioterg i wt.%,MnO2,0.0125,1,70,414.93,0.336,,,,,,,0.0,-1.0,414.99,,,,,,,59.3,47.8,,C:/Users/User/Desktop/AISCIA/task3/AISCIA_task3/Clean Data for Dr. Fadwa/Bioterg i wt.%\MnO2\0.0125\1\extracted_frames\frame_133.png
4351,Bioterg i wt.%,MnO2,0.0125,1,71,419.93,0.316,,,,,,,0.0,0.0,419.99,,,,,,,59.0,49.7,,C:/Users/User/Desktop/AISCIA/task3/AISCIA_task3/Clean Data for Dr. Fadwa/Bioterg i wt.%\MnO2\0.0125\1\extracted_frames\frame_134.png
4352,Bioterg i wt.%,MnO2,0.0125,1,72,424.93,0.315,,,,,,,0.0,-1.0,424.99,,,,,,,58.7,51.6,,C:/Users/User/Desktop/AISCIA/task3/AISCIA_task3/Clean Data for Dr. Fadwa/Bioterg i wt.%\MnO2\0.0125\1\extracted_frames\frame_135.png
4353,Bioterg i wt.%,MnO2,0.0125,1,73,429.93,0.326,,,,,,,0.0,-1.0,429.99,,,,,,,58.5,51.6,,C:/Users/User/Desktop/AISCIA/task3/AISCIA_task3/Clean Data for Dr. Fadwa/Bioterg i wt.%\MnO2\0.0125\1\extracted_frames\frame_136.png
4354,Bioterg i wt.%,MnO2,0.0125,1,74,434.93,0.315,,,,,,,0.0,-1.0,434.99,,,,,,,57.8,51.6,,C:/Users/User/Desktop/AISCIA/task3/AISCIA_task3/Clean Data for Dr. Fadwa/Bioterg i wt.%\MnO2\0.0125\1\extracted_frames\frame_137.png
4355,Bioterg i wt.%,MnO2,0.0125,1,75,439.93,0.312,,,,,,,0.0,-1.0,439.99,,,,,,,57.5,51.6,,C:/Users/User/Desktop/AISCIA/task3/AISCIA_task3/Clean Data for Dr. Fadwa/Bioterg i wt.%\MnO2\0.0125\1\extracted_frames\frame_138.png
4356,Bioterg i wt.%,MnO2,0.0125,1,76,444.93,0.286,,,,,,,0.0,-1.0,444.99,,,,,,,57.2,51.6,,C:/Users/User/Desktop/AISCIA/task3/AISCIA_task3/Clean Data for Dr. Fadwa/Bioterg i wt.%\MnO2\0.0125\1\extracted_frames\frame_139.png
4357,Bioterg i wt.%,MnO2,0.0125,1,77,449.93,0.302,,,,,,,0.0,-1.0,449.99,,,,,,,56.4,49.7,,C:/Users/User/Desktop/AISCIA/task3/AISCIA_task3/Clean Data for Dr. Fadwa/Bioterg i wt.%\MnO2\0.0125\1\extracted_frames\frame_140.png
4358,Bioterg i wt.%,MnO2,0.0125,1,78,454.93,0.341,,,,,,,1.0,-1.0,454.99,,,,,,,56.1,49.7,,C:/Users/User/Desktop/AISCIA/task3/AISCIA_task3/Clean Data for Dr. Fadwa/Bioterg i wt.%\MnO2\0.0125\1\extracted_frames\frame_141.png
4359,Bioterg i wt.%,MnO2,0.0125,1,79,459.93,0.322,,,,,,,1.0,-1.0,459.99,,,,,,,55.4,49.7,,C:/Users/User/Desktop/AISCIA/task3/AISCIA_task3/Clean Data for Dr. Fadwa/Bioterg i wt.%\MnO2\0.0125\1\extracted_frames\frame_142.png
4360,Bioterg i wt.%,MnO2,0.0125,1,80,464.93,0.34,,,,,,,0.0,-1.0,464.99,,,,,,,54.6,47.8,,C:/Users/User/Desktop/AISCIA/task3/AISCIA_task3/Clean Data for Dr. Fadwa/Bioterg i wt.%\MnO2\0.0125\1\extracted_frames\frame_143.png
4361,Bioterg i wt.%,MnO2,0.0125,1,81,469.93,0.35,,,,,,,0.0,-1.0,469.99,,,,,,,53.9,45.8,,C:/Users/User/Desktop/AISCIA/task3/AISCIA_task3/Clean Data for Dr. Fadwa/Bioterg i wt.%\MnO2\0.0125\1\extracted_frames\frame_144.png
4362,Bioterg i wt.%,MnO2,0.0125,1,82,474.93,0.332,,,,,,,0.0,-1.0,474.99,,,,,,,53.5,43.9,,C:/Users/User/Desktop/AISCIA/task3/AISCIA_task3/Clean Data for Dr. Fadwa/Bioterg i wt.%\MnO2\0.0125\1\extracted_frames\frame_145.png
4363,Bioterg i wt.%,MnO2,0.0125,1,83,479.93,0.299,,,,,,,1.0,-1.0,479.99,,,,,,,53.2,40.0,,C:/Users/User/Desktop/AISCIA/task3/AISCIA_task3/Clean Data for Dr. Fadwa/Bioterg i wt.%\MnO2\0.0125\1\extracted_frames\frame_146.png
4364,Bioterg i wt.%,MnO2,0.0125,1,84,484.93,0.287,,,,,,,0.0,-1.0,484.99,,,,,,,52.7,38.1,,C:/Users/User/Desktop/AISCIA/task3/AISCIA_task3/Clean Data for Dr. Fadwa/Bioterg i wt.%\MnO2\0.0125\1\extracted_frames\frame_147.png
4365,Bioterg i wt.%,MnO2,0.0125,1,85,489.93,0.317,,,,,,,1.0,-1.0,489.99,,,,,,,51.7,36.2,,C:/Users/User/Desktop/AISCIA/task3/AISCIA_task3/Clean Data for Dr. Fadwa/Bioterg i wt.%\MnO2\0.0125\1\extracted_frames\frame_148.png
4366,Bioterg i wt.%,MnO2,0.0125,1,86,494.93,0.274,,,,,,,0.0,-2.0,494.99,,,,,,,50.9,34.2,,C:/Users/User/Desktop/AISCIA/task3/AISCIA_task3/Clean Data for Dr. Fadwa/Bioterg i wt.%\MnO2\0.0125\1\extracted_frames\frame_149.png
4367,Bioterg i wt.%,MnO2,0.0125,1,87,499.93,0.28,,,,,,,0.0,-1.0,499.99,,,,,,,50.6,34.2,,C:/Users/User/Desktop/AISCIA/task3/AISCIA_task3/Clean Data for Dr. Fadwa/Bioterg i wt.%\MnO2\0.0125\1\extracted_frames\frame_150.png
4368,Bioterg i wt.%,MnO2,0.0125,1,88,504.93,0.31,,,,,,,1.0,-1.0,504.99,,,,,,,50.0,34.2,,C:/Users/User/Desktop/AISCIA/task3/AISCIA_task3/Clean Data for Dr. Fadwa/Bioterg i wt.%\MnO2\0.0125\1\extracted_frames\frame_151.png
4369,Bioterg i wt.%,MnO2,0.0125,1,89,509.93,0.339,,,,,,,1.0,0.0,509.99,,,,,,,49.2,34.2,,C:/Users/User/Desktop/AISCIA/task3/AISCIA_task3/Clean Data for Dr. Fadwa/Bioterg i wt.%\MnO2\0.0125\1\extracted_frames\frame_152.png
4370,Bioterg i wt.%,MnO2,0.0125,1,90,514.93,0.456,,,,,,,2.0,4.0,514.99,,,,,,,48.9,36.2,,C:/Users/User/Desktop/AISCIA/task3/AISCIA_task3/Clean Data for Dr. Fadwa/Bioterg i wt.%\MnO2\0.0125\1\extracted_frames\frame_153.png
4371,Bioterg i wt.%,MnO2,0.0125,1,91,519.93,0.46,,,,,,,2.0,5.0,519.99,,,,,,,48.7,38.1,,C:/Users/User/Desktop/AISCIA/task3/AISCIA_task3/Clean Data for Dr. Fadwa/Bioterg i wt.%\MnO2\0.0125\1\extracted_frames\frame_154.png
4372,Bioterg i wt.%,MnO2,0.0125,1,92,524.93,0.475,,,,,,,2.0,5.0,524.99,,,,,,,48.5,40.0,,C:/Users/User/Desktop/AISCIA/task3/AISCIA_task3/Clean Data for Dr. Fadwa/Bioterg i wt.%\MnO2\0.0125\1\extracted_frames\frame_155.png
4373,Bioterg i wt.%,MnO2,0.0125,1,93,529.93,0.504,,,,,,,2.0,5.0,529.99,,,,,,,47.9,42.0,,C:/Users/User/Desktop/AISCIA/task3/AISCIA_task3/Clean Data for Dr. Fadwa/Bioterg i wt.%\MnO2\0.0125\1\extracted_frames\frame_156.png
4374,Bioterg i wt.%,MnO2,0.0125,1,94,534.93,0.518,,,,,,,2.0,5.0,534.99,,,,,,,47.6,42.0,,C:/Users/User/Desktop/AISCIA/task3/AISCIA_task3/Clean Data for Dr. Fadwa/Bioterg i wt.%\MnO2\0.0125\1\extracted_frames\frame_157.png
4375,Bioterg i wt.%,MnO2,0.0125,1,95,539.93,0.44,,,,,,,1.0,0.0,539.99,,,,,,,47.1,42.0,,C:/Users/User/Desktop/AISCIA/task3/AISCIA_task3/Clean Data for Dr. Fadwa/Bioterg i wt.%\MnO2\0.0125\1\extracted_frames\frame_158.png
4376,Bioterg i wt.%,MnO2,0.0125,1,96,544.93,0.52,,,,,,,1.0,1.0,544.99,,,,,,,46.9,42.0,,C:/Users/User/Desktop/AISCIA/task3/AISCIA_task3/Clean Data for Dr. Fadwa/Bioterg i wt.%\MnO2\0.0125\1\extracted_frames\frame_159.png
4377,Bioterg i wt.%,MnO2,0.0125,1,97,549.93,0.482,,,,,,,1.0,1.0,549.99,,,,,,,46.8,42.0,,C:/Users/User/Desktop/AISCIA/task3/AISCIA_task3/Clean Data for Dr. Fadwa/Bioterg i wt.%\MnO2\0.0125\1\extracted_frames\frame_160.png
4378,Bioterg i wt.%,MnO2,0.0125,1,98,554.93,0.628,,,,,,,2.0,6.0,554.99,,,,,,,46.1,42.0,,C:/Users/User/Desktop/AISCIA/task3/AISCIA_task3/Clean Data for Dr. Fadwa/Bioterg i wt.%\MnO2\0.0125\1\extracted_frames\frame_161.png
4379,Bioterg i wt.%,MnO2,0.0125,1,99,559.93,0.588,,,,,,,2.0,6.0,559.99,,,,,,,45.5,42.0,,C:/Users/User/Desktop/AISCIA/task3/AISCIA_task3/Clean Data for Dr. Fadwa/Bioterg i wt.%\MnO2\0.0125\1\extracted_frames\frame_162.png
4380,Bioterg i wt.%,MnO2,0.0125,1,100,564.93,0.526,,,,,,,2.0,1.0,564.99,,,,,,,45.1,42.0,,C:/Users/User/Desktop/AISCIA/task3/AISCIA_task3/Clean Data for Dr. Fadwa/Bioterg i wt.%\MnO2\0.0125\1\extracted_frames\frame_163.png
4381,Bioterg i wt.%,MnO2,0.0125,1,101,569.93,0.391,,,,,,,1.0,-1.0,569.99,,,,,,,44.5,42.0,,C:/Users/User/Desktop/AISCIA/task3/AISCIA_task3/Clean Data for Dr. Fadwa/Bioterg i wt.%\MnO2\0.0125\1\extracted_frames\frame_164.png
4382,Bioterg i wt.%,MnO2,0.0125,1,102,574.93,0.425,,,,,,,1.0,-1.0,574.99,,,,,,,44.3,42.0,,C:/Users/User/Desktop/AISCIA/task3/AISCIA_task3/Clean Data for Dr. Fadwa/Bioterg i wt.%\MnO2\0.0125\1\extracted_frames\frame_165.png
4383,Bioterg i wt.%,MnO2,0.0125,1,103,579.93,0.436,,,,,,,1.0,-1.0,579.99,,,,,,,44.1,42.0,,C:/Users/User/Desktop/AISCIA/task3/AISCIA_task3/Clean Data for Dr. Fadwa/Bioterg i wt.%\MnO2\0.0125\1\extracted_frames\frame_166.png
4384,Bioterg i wt.%,MnO2,0.0125,1,104,584.93,0.526,,,,,,,1.0,1.0,584.99,,,,,,,43.9,42.0,,C:/Users/User/Desktop/AISCIA/task3/AISCIA_task3/Clean Data for Dr. Fadwa/Bioterg i wt.%\MnO2\0.0125\1\extracted_frames\frame_167.png
4385,Bioterg i wt.%,MnO2,0.0125,1,105,589.93,0.479,,,,,,,1.0,-1.0,589.99,,,,,,,43.3,40.0,,C:/Users/User/Desktop/AISCIA/task3/AISCIA_task3/Clean Data for Dr. Fadwa/Bioterg i wt.%\MnO2\0.0125\1\extracted_frames\frame_168.png
4386,Bioterg i wt.%,MnO2,0.0125,1,106,594.93,0.451,,,,,,,1.0,-1.0,594.99,,,,,,,43.0,40.0,,C:/Users/User/Desktop/AISCIA/task3/AISCIA_task3/Clean Data for Dr. Fadwa/Bioterg i wt.%\MnO2\0.0125\1\extracted_frames\frame_169.png
4387,Bioterg i wt.%,MnO2,0.0125,1,107,599.93,0.431,,,,,,,1.0,-1.0,599.99,,,,,,,42.6,40.0,,C:/Users/User/Desktop/AISCIA/task3/AISCIA_task3/Clean Data for Dr. Fadwa/Bioterg i wt.%\MnO2\0.0125\1\extracted_frames\frame_170.png
4388,Bioterg i wt.%,MnO2,0.0125,1,108,604.93,0.418,,,,,,,1.0,-1.0,604.99,,,,,,,42.3,40.0,,C:/Users/User/Desktop/AISCIA/task3/AISCIA_task3/Clean Data for Dr. Fadwa/Bioterg i wt.%\MnO2\0.0125\1\extracted_frames\frame_171.png
4389,Bioterg i wt.%,MnO2,0.0125,1,109,609.93,0.433,,,,,,,1.0,-1.0,609.99,,,,,,,42.2,42.0,,C:/Users/User/Desktop/AISCIA/task3/AISCIA_task3/Clean Data for Dr. Fadwa/Bioterg i wt.%\MnO2\0.0125\1\extracted_frames\frame_172.png
4390,Bioterg i wt.%,MnO2,0.0125,1,110,614.93,0.333,,,,,,,0.0,-1.0,614.99,,,,,,,40.6,43.9,,C:/Users/User/Desktop/AISCIA/task3/AISCIA_task3/Clean Data for Dr. Fadwa/Bioterg i wt.%\MnO2\0.0125\1\extracted_frames\frame_173.png
4391,Bioterg i wt.%,MnO2,0.0125,1,111,619.93,0.383,,,,,,,1.0,-1.0,619.99,,,,,,,40.3,45.8,,C:/Users/User/Desktop/AISCIA/task3/AISCIA_task3/Clean Data for Dr. Fadwa/Bioterg i wt.%\MnO2\0.0125\1\extracted_frames\frame_174.png
4392,Bioterg i wt.%,MnO2,0.0125,1,112,624.93,0.331,,,,,,,1.0,-1.0,624.99,,,,,,,40.1,47.8,,C:/Users/User/Desktop/AISCIA/task3/AISCIA_task3/Clean Data for Dr. Fadwa/Bioterg i wt.%\MnO2\0.0125\1\extracted_frames\frame_175.png
4393,Bioterg i wt.%,MnO2,0.0125,1,113,629.93,0.399,,,,,,,1.0,-1.0,629.99,,,,,,,40.1,49.7,,C:/Users/User/Desktop/AISCIA/task3/AISCIA_task3/Clean Data for Dr. Fadwa/Bioterg i wt.%\MnO2\0.0125\1\extracted_frames\frame_176.png
4394,Bioterg i wt.%,MnO2,0.0125,1,114,634.93,0.387,,,,,,,0.0,-1.0,634.99,,,,,,,39.6,49.7,,C:/Users/User/Desktop/AISCIA/task3/AISCIA_task3/Clean Data for Dr. Fadwa/Bioterg i wt.%\MnO2\0.0125\1\extracted_frames\frame_177.png
4395,Bioterg i wt.%,MnO2,0.0125,1,115,639.93,0.347,,,,,,,1.0,0.0,639.99,,,,,,,39.3,51.6,,C:/Users/User/Desktop/AISCIA/task3/AISCIA_task3/Clean Data for Dr. Fadwa/Bioterg i wt.%\MnO2\0.0125\1\extracted_frames\frame_178.png
4396,Bioterg i wt.%,MnO2,0.0125,1,116,644.93,0.393,,,,,,,0.0,-1.0,644.99,,,,,,,39.0,49.7,,C:/Users/User/Desktop/AISCIA/task3/AISCIA_task3/Clean Data for Dr. Fadwa/Bioterg i wt.%\MnO2\0.0125\1\extracted_frames\frame_179.png
4397,Bioterg i wt.%,MnO2,0.0125,1,117,649.93,0.314,,,,,,,0.0,0.0,649.99,,,,,,,38.1,49.7,,C:/Users/User/Desktop/AISCIA/task3/AISCIA_task3/Clean Data for Dr. Fadwa/Bioterg i wt.%\MnO2\0.0125\1\extracted_frames\frame_180.png
4398,Bioterg i wt.%,MnO2,0.0125,1,118,654.93,0.31,,,,,,,0.0,-1.0,654.99,,,,,,,37.9,49.7,,C:/Users/User/Desktop/AISCIA/task3/AISCIA_task3/Clean Data for Dr. Fadwa/Bioterg i wt.%\MnO2\0.0125\1\extracted_frames\frame_181.png
4399,Bioterg i wt.%,MnO2,0.0125,1,119,659.93,0.305,,,,,,,1.0,-1.0,659.99,,,,,,,37.7,49.7,,C:/Users/User/Desktop/AISCIA/task3/AISCIA_task3/Clean Data for Dr. Fadwa/Bioterg i wt.%\MnO2\0.0125\1\extracted_frames\frame_182.png
4400,Bioterg i wt.%,MnO2,0.0125,1,120,664.93,0.329,,,,,,,0.0,-1.0,664.99,,,,,,,37.4,49.7,,C:/Users/User/Desktop/AISCIA/task3/AISCIA_task3/Clean Data for Dr. Fadwa/Bioterg i wt.%\MnO2\0.0125\1\extracted_frames\frame_183.png
4401,Bioterg i wt.%,MnO2,0.0125,1,121,669.93,0.37,,,,,,,1.0,0.0,669.99,,,,,,,36.7,49.7,,C:/Users/User/Desktop/AISCIA/task3/AISCIA_task3/Clean Data for Dr. Fadwa/Bioterg i wt.%\MnO2\0.0125\1\extracted_frames\frame_184.png
4402,Bioterg i wt.%,MnO2,0.0125,1,122,674.93,0.371,,,,,,,0.0,-1.0,674.99,,,,,,,36.1,49.7,,C:/Users/User/Desktop/AISCIA/task3/AISCIA_task3/Clean Data for Dr. Fadwa/Bioterg i wt.%\MnO2\0.0125\1\extracted_frames\frame_185.png
4403,Bioterg i wt.%,MnO2,0.0125,1,123,679.93,0.35,,,,,,,1.0,-1.0,679.99,,,,,,,35.7,49.7,,C:/Users/User/Desktop/AISCIA/task3/AISCIA_task3/Clean Data for Dr. Fadwa/Bioterg i wt.%\MnO2\0.0125\1\extracted_frames\frame_186.png
4404,Bioterg i wt.%,MnO2,0.0125,1,124,684.93,0.338,,,,,,,0.0,-1.0,684.99,,,,,,,35.4,49.7,,C:/Users/User/Desktop/AISCIA/task3/AISCIA_task3/Clean Data for Dr. Fadwa/Bioterg i wt.%\MnO2\0.0125\1\extracted_frames\frame_187.png
4405,Bioterg i wt.%,MnO2,0.0125,1,125,689.93,0.366,,,,,,,1.0,-1.0,689.99,,,,,,,34.6,47.8,,C:/Users/User/Desktop/AISCIA/task3/AISCIA_task3/Clean Data for Dr. Fadwa/Bioterg i wt.%\MnO2\0.0125\1\extracted_frames\frame_188.png
4406,Bioterg i wt.%,MnO2,0.0125,1,126,694.93,0.339,,,,,,,0.0,-1.0,694.99,,,,,,,34.5,49.7,,C:/Users/User/Desktop/AISCIA/task3/AISCIA_task3/Clean Data for Dr. Fadwa/Bioterg i wt.%\MnO2\0.0125\1\extracted_frames\frame_189.png
4407,Bioterg i wt.%,MnO2,0.0125,1,127,699.93,0.37,,,,,,,1.0,-1.0,699.99,,,,,,,34.3,49.7,,C:/Users/User/Desktop/AISCIA/task3/AISCIA_task3/Clean Data for Dr. Fadwa/Bioterg i wt.%\MnO2\0.0125\1\extracted_frames\frame_190.png
4408,Bioterg i wt.%,MnO2,0.0125,1,128,704.93,0.344,,,,,,,1.0,-1.0,704.99,,,,,,,34.1,49.7,,C:/Users/User/Desktop/AISCIA/task3/AISCIA_task3/Clean Data for Dr. Fadwa/Bioterg i wt.%\MnO2\0.0125\1\extracted_frames\frame_191.png
4409,Bioterg i wt.%,MnO2,0.0125,1,129,709.93,0.375,,,,,,,1.0,-1.0,709.99,,,,,,,33.8,47.8,,C:/Users/User/Desktop/AISCIA/task3/AISCIA_task3/Clean Data for Dr. Fadwa/Bioterg i wt.%\MnO2\0.0125\1\extracted_frames\frame_192.png
4410,Bioterg i wt.%,MnO2,0.0125,1,130,714.93,0.37,,,,,,,1.0,-1.0,714.99,,,,,,,33.4,47.8,,C:/Users/User/Desktop/AISCIA/task3/AISCIA_task3/Clean Data for Dr. Fadwa/Bioterg i wt.%\MnO2\0.0125\1\extracted_frames\frame_193.png
4411,Bioterg i wt.%,MnO2,0.0125,1,131,719.93,0.381,,,,,,,1.0,-1.0,719.99,,,,,,,32.9,47.8,,C:/Users/User/Desktop/AISCIA/task3/AISCIA_task3/Clean Data for Dr. Fadwa/Bioterg i wt.%\MnO2\0.0125\1\extracted_frames\frame_194.png
4412,Bioterg i wt.%,MnO2,0.0125,1,132,724.93,0.407,,,,,,,1.0,-1.0,724.99,,,,,,,32.3,45.8,,C:/Users/User/Desktop/AISCIA/task3/AISCIA_task3/Clean Data for Dr. Fadwa/Bioterg i wt.%\MnO2\0.0125\1\extracted_frames\frame_195.png
4413,Bioterg i wt.%,MnO2,0.0125,1,133,729.93,0.411,,,,,,,1.0,-1.0,729.99,,,,,,,32.2,45.8,,C:/Users/User/Desktop/AISCIA/task3/AISCIA_task3/Clean Data for Dr. Fadwa/Bioterg i wt.%\MnO2\0.0125\1\extracted_frames\frame_196.png
4414,Bioterg i wt.%,MnO2,0.0125,1,134,734.93,0.428,,,,,,,1.0,0.0,734.99,,,,,,,30.1,45.8,,C:/Users/User/Desktop/AISCIA/task3/AISCIA_task3/Clean Data for Dr. Fadwa/Bioterg i wt.%\MnO2\0.0125\1\extracted_frames\frame_197.png
4415,Bioterg i wt.%,MnO2,0.0125,1,135,739.93,0.433,,,,,,,1.0,0.0,739.99,,,,,,,29.7,45.8,,C:/Users/User/Desktop/AISCIA/task3/AISCIA_task3/Clean Data for Dr. Fadwa/Bioterg i wt.%\MnO2\0.0125\1\extracted_frames\frame_198.png
4416,Bioterg i wt.%,MnO2,0.0125,1,136,744.93,0.413,,,,,,,1.0,-1.0,744.99,,,,,,,29.6,45.8,,C:/Users/User/Desktop/AISCIA/task3/AISCIA_task3/Clean Data for Dr. Fadwa/Bioterg i wt.%\MnO2\0.0125\1\extracted_frames\frame_199.png
4417,Bioterg i wt.%,MnO2,0.0125,1,137,749.93,0.464,,,,,,,0.0,-1.0,749.99,,,,,,,29.4,45.8,,C:/Users/User/Desktop/AISCIA/task3/AISCIA_task3/Clean Data for Dr. Fadwa/Bioterg i wt.%\MnO2\0.0125\1\extracted_frames\frame_200.png
4418,Bioterg i wt.%,MnO2,0.0125,1,138,754.93,0.543,,,,,,,1.0,0.0,754.99,,,,,,,29.3,47.8,,C:/Users/User/Desktop/AISCIA/task3/AISCIA_task3/Clean Data for Dr. Fadwa/Bioterg i wt.%\MnO2\0.0125\1\extracted_frames\frame_201.png
4419,Bioterg i wt.%,MnO2,0.0125,1,139,759.93,0.543,,,,,,,1.0,0.0,759.99,,,,,,,29.0,47.8,,C:/Users/User/Desktop/AISCIA/task3/AISCIA_task3/Clean Data for Dr. Fadwa/Bioterg i wt.%\MnO2\0.0125\1\extracted_frames\frame_202.png
4420,Bioterg i wt.%,MnO2,0.0125,1,140,764.93,0.528,,,,,,,1.0,0.0,764.99,,,,,,,29.0,47.8,,C:/Users/User/Desktop/AISCIA/task3/AISCIA_task3/Clean Data for Dr. Fadwa/Bioterg i wt.%\MnO2\0.0125\1\extracted_frames\frame_203.png
4421,Bioterg i wt.%,MnO2,0.0125,1,141,769.93,0.563,,,,,,,1.0,0.0,769.99,,,,,,,29.0,47.8,,C:/Users/User/Desktop/AISCIA/task3/AISCIA_task3/Clean Data for Dr. Fadwa/Bioterg i wt.%\MnO2\0.0125\1\extracted_frames\frame_204.png
4422,Bioterg i wt.%,MnO2,0.0125,1,142,774.93,0.552,,,,,,,1.0,1.0,774.99,,,,,,,28.9,47.8,,C:/Users/User/Desktop/AISCIA/task3/AISCIA_task3/Clean Data for Dr. Fadwa/Bioterg i wt.%\MnO2\0.0125\1\extracted_frames\frame_205.png
4423,Bioterg i wt.%,MnO2,0.0125,1,143,779.93,0.531,,,,,,,1.0,0.0,779.99,,,,,,,28.6,47.8,,C:/Users/User/Desktop/AISCIA/task3/AISCIA_task3/Clean Data for Dr. Fadwa/Bioterg i wt.%\MnO2\0.0125\1\extracted_frames\frame_206.png
4424,Bioterg i wt.%,MnO2,0.0125,1,144,784.93,0.503,,,,,,,1.0,0.0,784.99,,,,,,,27.6,47.8,,C:/Users/User/Desktop/AISCIA/task3/AISCIA_task3/Clean Data for Dr. Fadwa/Bioterg i wt.%\MnO2\0.0125\1\extracted_frames\frame_207.png
4425,Bioterg i wt.%,MnO2,0.0125,1,145,789.93,0.571,,,,,,,1.0,0.0,789.99,,,,,,,27.4,45.8,,C:/Users/User/Desktop/AISCIA/task3/AISCIA_task3/Clean Data for Dr. Fadwa/Bioterg i wt.%\MnO2\0.0125\1\extracted_frames\frame_208.png
4426,Bioterg i wt.%,MnO2,0.0125,1,146,794.93,0.601,,,,,,,1.0,0.0,794.99,,,,,,,27.5,45.8,,C:/Users/User/Desktop/AISCIA/task3/AISCIA_task3/Clean Data for Dr. Fadwa/Bioterg i wt.%\MnO2\0.0125\1\extracted_frames\frame_209.png
4427,Bioterg i wt.%,MnO2,0.0125,1,147,799.93,0.579,,,,,,,1.0,1.0,799.99,,,,,,,27.3,45.8,,C:/Users/User/Desktop/AISCIA/task3/AISCIA_task3/Clean Data for Dr. Fadwa/Bioterg i wt.%\MnO2\0.0125\1\extracted_frames\frame_210.png
4428,Bioterg i wt.%,MnO2,0.0125,1,148,804.93,0.615,,,,,,,1.0,1.0,804.99,,,,,,,27.3,45.8,,C:/Users/User/Desktop/AISCIA/task3/AISCIA_task3/Clean Data for Dr. Fadwa/Bioterg i wt.%\MnO2\0.0125\1\extracted_frames\frame_211.png
4429,Bioterg i wt.%,MnO2,0.0125,1,149,809.93,0.673,,,,,,,1.0,2.0,809.99,,,,,,,26.7,45.8,,C:/Users/User/Desktop/AISCIA/task3/AISCIA_task3/Clean Data for Dr. Fadwa/Bioterg i wt.%\MnO2\0.0125\1\extracted_frames\frame_212.png
4430,Bioterg i wt.%,MnO2,0.0125,1,150,814.93,0.735,,,,,,,0.0,0.0,814.99,,,,,,,24.6,43.9,,C:/Users/User/Desktop/AISCIA/task3/AISCIA_task3/Clean Data for Dr. Fadwa/Bioterg i wt.%\MnO2\0.0125\1\extracted_frames\frame_213.png
4431,Bioterg i wt.%,MnO2,0.0125,1,151,819.93,0.701,,,,,,,0.0,0.0,819.99,,,,,,,24.4,43.9,,C:/Users/User/Desktop/AISCIA/task3/AISCIA_task3/Clean Data for Dr. Fadwa/Bioterg i wt.%\MnO2\0.0125\1\extracted_frames\frame_214.png
4432,Bioterg i wt.%,MnO2,0.0125,1,152,824.93,0.688,,,,,,,0.0,0.0,824.99,,,,,,,24.4,43.9,,C:/Users/User/Desktop/AISCIA/task3/AISCIA_task3/Clean Data for Dr. Fadwa/Bioterg i wt.%\MnO2\0.0125\1\extracted_frames\frame_215.png
4433,Bioterg i wt.%,MnO2,0.0125,1,153,829.93,0.624,,,,,,,1.0,1.0,829.99,,,,,,,24.1,43.9,,C:/Users/User/Desktop/AISCIA/task3/AISCIA_task3/Clean Data for Dr. Fadwa/Bioterg i wt.%\MnO2\0.0125\1\extracted_frames\frame_216.png
4434,Bioterg i wt.%,MnO2,0.0125,1,154,834.93,0.618,,,,,,,1.0,0.0,834.99,,,,,,,24.0,45.8,,C:/Users/User/Desktop/AISCIA/task3/AISCIA_task3/Clean Data for Dr. Fadwa/Bioterg i wt.%\MnO2\0.0125\1\extracted_frames\frame_217.png
4435,Bioterg i wt.%,MnO2,0.0125,1,155,839.93,0.62,,,,,,,1.0,0.0,839.99,,,,,,,23.5,45.8,,C:/Users/User/Desktop/AISCIA/task3/AISCIA_task3/Clean Data for Dr. Fadwa/Bioterg i wt.%\MnO2\0.0125\1\extracted_frames\frame_218.png
4436,Bioterg i wt.%,MnO2,0.0125,1,156,844.93,0.589,,,,,,,1.0,0.0,844.99,,,,,,,23.0,45.8,,C:/Users/User/Desktop/AISCIA/task3/AISCIA_task3/Clean Data for Dr. Fadwa/Bioterg i wt.%\MnO2\0.0125\1\extracted_frames\frame_219.png
4437,Bioterg i wt.%,MnO2,0.0125,1,157,849.93,0.584,,,,,,,1.0,0.0,849.99,,,,,,,22.9,45.8,,C:/Users/User/Desktop/AISCIA/task3/AISCIA_task3/Clean Data for Dr. Fadwa/Bioterg i wt.%\MnO2\0.0125\1\extracted_frames\frame_220.png
4438,Bioterg i wt.%,MnO2,0.0125,1,158,854.93,0.575,,,,,,,1.0,0.0,854.99,,,,,,,22.5,47.8,,C:/Users/User/Desktop/AISCIA/task3/AISCIA_task3/Clean Data for Dr. Fadwa/Bioterg i wt.%\MnO2\0.0125\1\extracted_frames\frame_221.png
4439,Bioterg i wt.%,MnO2,0.0125,1,159,859.93,0.662,,,,,,,1.0,1.0,859.99,,,,,,,22.2,49.7,,C:/Users/User/Desktop/AISCIA/task3/AISCIA_task3/Clean Data for Dr. Fadwa/Bioterg i wt.%\MnO2\0.0125\1\extracted_frames\frame_222.png
4440,Bioterg i wt.%,MnO2,0.0125,1,160,864.93,0.638,,,,,,,1.0,1.0,864.99,,,,,,,22.2,49.7,,C:/Users/User/Desktop/AISCIA/task3/AISCIA_task3/Clean Data for Dr. Fadwa/Bioterg i wt.%\MnO2\0.0125\1\extracted_frames\frame_223.png
4441,Bioterg i wt.%,MnO2,0.0125,1,161,869.93,0.634,,,,,,,1.0,1.0,869.99,,,,,,,21.7,49.7,,C:/Users/User/Desktop/AISCIA/task3/AISCIA_task3/Clean Data for Dr. Fadwa/Bioterg i wt.%\MnO2\0.0125\1\extracted_frames\frame_224.png
4442,Bioterg i wt.%,MnO2,0.0125,1,162,874.93,0.623,,,,,,,1.0,0.0,874.99,,,,,,,21.1,49.7,,C:/Users/User/Desktop/AISCIA/task3/AISCIA_task3/Clean Data for Dr. Fadwa/Bioterg i wt.%\MnO2\0.0125\1\extracted_frames\frame_225.png
4443,Bioterg i wt.%,MnO2,0.0125,1,163,879.93,0.558,,,,,,,1.0,0.0,879.99,,,,,,,20.8,49.7,,C:/Users/User/Desktop/AISCIA/task3/AISCIA_task3/Clean Data for Dr. Fadwa/Bioterg i wt.%\MnO2\0.0125\1\extracted_frames\frame_226.png
4444,Bioterg i wt.%,MnO2,0.0125,1,164,884.93,0.539,,,,,,,1.0,-1.0,884.99,,,,,,,20.6,47.8,,C:/Users/User/Desktop/AISCIA/task3/AISCIA_task3/Clean Data for Dr. Fadwa/Bioterg i wt.%\MnO2\0.0125\1\extracted_frames\frame_227.png
4445,Bioterg i wt.%,MnO2,0.0125,1,165,889.93,0.539,,,,,,,1.0,-1.0,889.99,,,,,,,20.3,47.8,,C:/Users/User/Desktop/AISCIA/task3/AISCIA_task3/Clean Data for Dr. Fadwa/Bioterg i wt.%\MnO2\0.0125\1\extracted_frames\frame_228.png
4446,Bioterg i wt.%,MnO2,0.0125,1,166,894.93,0.531,,,,,,,1.0,-1.0,894.99,,,,,,,20.2,47.8,,C:/Users/User/Desktop/AISCIA/task3/AISCIA_task3/Clean Data for Dr. Fadwa/Bioterg i wt.%\MnO2\0.0125\1\extracted_frames\frame_229.png
4447,Bioterg i wt.%,MnO2,0.0125,1,167,899.93,0.504,,,,,,,0.0,-1.0,899.99,,,,,,,20.0,45.8,,C:/Users/User/Desktop/AISCIA/task3/AISCIA_task3/Clean Data for Dr. Fadwa/Bioterg i wt.%\MnO2\0.0125\1\extracted_frames\frame_230.png
4448,Bioterg i wt.%,MnO2,0.0125,1,168,904.93,0.561,,,,,,,1.0,-1.0,904.99,,,,,,,19.4,43.9,,C:/Users/User/Desktop/AISCIA/task3/AISCIA_task3/Clean Data for Dr. Fadwa/Bioterg i wt.%\MnO2\0.0125\1\extracted_frames\frame_231.png
4449,Bioterg i wt.%,MnO2,0.0125,1,169,909.93,0.637,,,,,,,1.0,2.0,909.99,,,,,,,19.1,42.0,,C:/Users/User/Desktop/AISCIA/task3/AISCIA_task3/Clean Data for Dr. Fadwa/Bioterg i wt.%\MnO2\0.0125\1\extracted_frames\frame_232.png
4450,Bioterg i wt.%,MnO2,0.0125,1,170,914.93,0.486,,,,,,,2.0,4.0,914.99,,,,,,,19.1,42.0,,C:/Users/User/Desktop/AISCIA/task3/AISCIA_task3/Clean Data for Dr. Fadwa/Bioterg i wt.%\MnO2\0.0125\1\extracted_frames\frame_233.png
4451,Bioterg i wt.%,MnO2,0.0125,1,171,919.93,0.401,,,,,,,1.0,,919.99,,,,,,,19.6,42.0,,C:/Users/User/Desktop/AISCIA/task3/AISCIA_task3/Clean Data for Dr. Fadwa/Bioterg i wt.%\MnO2\0.0125\1\extracted_frames\frame_234.png
4452,Bioterg i wt.%,MnO2,0.0125,1,172,924.94,0.513,,,,,,,1.0,,924.99,,,,,,,19.9,42.0,,C:/Users/User/Desktop/AISCIA/task3/AISCIA_task3/Clean Data for Dr. Fadwa/Bioterg i wt.%\MnO2\0.0125\1\extracted_frames\frame_235.png
4453,Bioterg i wt.%,MnO2,0.0125,1,173,929.94,0.831,,,,,,,,,929.99,,,,,,,19.8,42.0,,C:/Users/User/Desktop/AISCIA/task3/AISCIA_task3/Clean Data for Dr. Fadwa/Bioterg i wt.%\MnO2\0.0125\1\extracted_frames\frame_236.png
4454,Bioterg i wt.%,MnO2,0.0125,1,174,934.94,0.0,,,,,,,,,934.99,,,,,,,19.3,40.0,,C:/Users/User/Desktop/AISCIA/task3/AISCIA_task3/Clean Data for Dr. Fadwa/Bioterg i wt.%\MnO2\0.0125\1\extracted_frames\frame_237.png
4455,Bioterg i wt.%,MnO2,0.0125,1,175,939.94,0.0,,,,,,,,,939.99,,,,,,,19.2,40.0,,C:/Users/User/Desktop/AISCIA/task3/AISCIA_task3/Clean Data for Dr. Fadwa/Bioterg i wt.%\MnO2\0.0125\1\extracted_frames\frame_238.png
4456,Bioterg i wt.%,MnO2,0.0125,1,176,944.94,0.0,,,,,,,,,944.99,,,,,,,18.9,42.0,,C:/Users/User/Desktop/AISCIA/task3/AISCIA_task3/Clean Data for Dr. Fadwa/Bioterg i wt.%\MnO2\0.0125\1\extracted_frames\frame_239.png
4457,Bioterg i wt.%,MnO2,0.0125,1,177,949.94,0.0,,,,,,,,,949.99,,,,,,,18.6,42.0,,C:/Users/User/Desktop/AISCIA/task3/AISCIA_task3/Clean Data for Dr. Fadwa/Bioterg i wt.%\MnO2\0.0125\1\extracted_frames\frame_240.png
4458,Bioterg i wt.%,MnO2,0.0125,1,178,954.94,0.0,,,,,,,,,954.99,,,,,,,18.3,42.0,,C:/Users/User/Desktop/AISCIA/task3/AISCIA_task3/Clean Data for Dr. Fadwa/Bioterg i wt.%\MnO2\0.0125\1\extracted_frames\frame_241.png
4459,Bioterg i wt.%,MnO2,0.0125,1,179,959.94,0.0,,,,,,,,,959.99,,,,,,,18.3,43.9,,C:/Users/User/Desktop/AISCIA/task3/AISCIA_task3/Clean Data for Dr. Fadwa/Bioterg i wt.%\MnO2\0.0125\1\extracted_frames\frame_242.png
4460,Bioterg i wt.%,MnO2,0.0125,1,180,964.94,0.0,,,,,,,,,964.99,,,,,,,18.1,45.8,,C:/Users/User/Desktop/AISCIA/task3/AISCIA_task3/Clean Data for Dr. Fadwa/Bioterg i wt.%\MnO2\0.0125\1\extracted_frames\frame_243.png
4461,Bioterg i wt.%,MnO2,0.0125,1,181,969.94,0.0,,,,,,,,,969.99,,,,,,,18.0,45.8,,C:/Users/User/Desktop/AISCIA/task3/AISCIA_task3/Clean Data for Dr. Fadwa/Bioterg i wt.%\MnO2\0.0125\1\extracted_frames\frame_244.png
4462,Bioterg i wt.%,MnO2,0.0125,1,182,974.94,0.0,,,,,,,,,974.99,,,,,,,18.0,45.8,,C:/Users/User/Desktop/AISCIA/task3/AISCIA_task3/Clean Data for Dr. Fadwa/Bioterg i wt.%\MnO2\0.0125\1\extracted_frames\frame_245.png
4463,Bioterg i wt.%,MnO2,0.0125,1,183,979.94,0.0,,,,,,,,,979.99,,,,,,,17.5,43.9,,C:/Users/User/Desktop/AISCIA/task3/AISCIA_task3/Clean Data for Dr. Fadwa/Bioterg i wt.%\MnO2\0.0125\1\extracted_frames\frame_246.png
4464,Bioterg i wt.%,MnO2,0.0125,1,184,984.94,0.0,,,,,,,,,984.99,,,,,,,17.3,43.9,,C:/Users/User/Desktop/AISCIA/task3/AISCIA_task3/Clean Data for Dr. Fadwa/Bioterg i wt.%\MnO2\0.0125\1\extracted_frames\frame_247.png
4465,Bioterg i wt.%,MnO2,0.0125,1,185,989.94,0.0,,,,,,,,,989.99,,,,,,,17.1,43.9,,C:/Users/User/Desktop/AISCIA/task3/AISCIA_task3/Clean Data for Dr. Fadwa/Bioterg i wt.%\MnO2\0.0125\1\extracted_frames\frame_248.png
4466,Bioterg i wt.%,MnO2,0.0125,1,186,994.94,0.0,,,,,,,,,994.99,,,,,,,17.0,43.9,,C:/Users/User/Desktop/AISCIA/task3/AISCIA_task3/Clean Data for Dr. Fadwa/Bioterg i wt.%\MnO2\0.0125\1\extracted_frames\frame_249.png
4467,Bioterg i wt.%,MnO2,0.0125,1,187,999.94,0.0,,,,,,,,,999.99,,,,,,,16.7,43.9,,C:/Users/User/Desktop/AISCIA/task3/AISCIA_task3/Clean Data for Dr. Fadwa/Bioterg i wt.%\MnO2\0.0125\1\extracted_frames\frame_250.png
4468,Bioterg i wt.%,MnO2,0.0125,1,188,1004.94,0.0,,,,,,,,,1004.99,,,,,,,16.4,43.9,,C:/Users/User/Desktop/AISCIA/task3/AISCIA_task3/Clean Data for Dr. Fadwa/Bioterg i wt.%\MnO2\0.0125\1\extracted_frames\frame_251.png
4469,Bioterg i wt.%,MnO2,0.0125,1,189,1009.94,0.0,,,,,,,,,1009.99,,,,,,,16.0,43.9,,C:/Users/User/Desktop/AISCIA/task3/AISCIA_task3/Clean Data for Dr. Fadwa/Bioterg i wt.%\MnO2\0.0125\1\extracted_frames\frame_252.png
4470,Bioterg i wt.%,MnO2,0.0125,1,190,1014.94,0.0,,,,,,,,,1014.99,,,,,,,14.9,43.9,,C:/Users/User/Desktop/AISCIA/task3/AISCIA_task3/Clean Data for Dr. Fadwa/Bioterg i wt.%\MnO2\0.0125\1\extracted_frames\frame_253.png
4471,Bioterg i wt.%,MnO2,0.0125,1,191,1019.94,0.0,,,,,,,,,1019.99,,,,,,,14.7,43.9,,C:/Users/User/Desktop/AISCIA/task3/AISCIA_task3/Clean Data for Dr. Fadwa/Bioterg i wt.%\MnO2\0.0125\1\extracted_frames\frame_254.png
4472,Bioterg i wt.%,MnO2,0.0125,1,192,1024.94,0.0,,,,,,,,,1024.99,,,,,,,14.8,45.8,,C:/Users/User/Desktop/AISCIA/task3/AISCIA_task3/Clean Data for Dr. Fadwa/Bioterg i wt.%\MnO2\0.0125\1\extracted_frames\frame_255.png
4473,Bioterg i wt.%,MnO2,0.0125,1,193,1029.94,0.0,,,,,,,,,1029.99,,,,,,,14.7,47.8,,C:/Users/User/Desktop/AISCIA/task3/AISCIA_task3/Clean Data for Dr. Fadwa/Bioterg i wt.%\MnO2\0.0125\1\extracted_frames\frame_256.png
4474,Bioterg i wt.%,MnO2,0.0125,1,194,1034.94,0.0,,,,,,,,,1034.99,,,,,,,14.9,47.8,,C:/Users/User/Desktop/AISCIA/task3/AISCIA_task3/Clean Data for Dr. Fadwa/Bioterg i wt.%\MnO2\0.0125\1\extracted_frames\frame_257.png
4475,Bioterg i wt.%,MnO2,0.0125,1,195,1039.94,0.0,,,,,,,,,1039.99,,,,,,,15.3,47.8,,C:/Users/User/Desktop/AISCIA/task3/AISCIA_task3/Clean Data for Dr. Fadwa/Bioterg i wt.%\MnO2\0.0125\1\extracted_frames\frame_258.png
4476,Bioterg i wt.%,MnO2,0.0125,1,196,1044.94,0.0,,,,,,,,,1044.99,,,,,,,15.5,49.7,,C:/Users/User/Desktop/AISCIA/task3/AISCIA_task3/Clean Data for Dr. Fadwa/Bioterg i wt.%\MnO2\0.0125\1\extracted_frames\frame_259.png
4477,Bioterg i wt.%,MnO2,0.0125,1,197,1049.94,0.0,,,,,,,,,1049.99,,,,,,,15.3,49.7,,C:/Users/User/Desktop/AISCIA/task3/AISCIA_task3/Clean Data for Dr. Fadwa/Bioterg i wt.%\MnO2\0.0125\1\extracted_frames\frame_260.png
4478,Bioterg i wt.%,MnO2,0.0125,1,198,1054.94,0.0,,,,,,,,,1054.99,,,,,,,15.3,49.7,,C:/Users/User/Desktop/AISCIA/task3/AISCIA_task3/Clean Data for Dr. Fadwa/Bioterg i wt.%\MnO2\0.0125\1\extracted_frames\frame_261.png
4479,Bioterg i wt.%,MnO2,0.0125,1,199,1059.94,0.0,,,,,,,,,1059.99,,,,,,,14.9,47.8,,C:/Users/User/Desktop/AISCIA/task3/AISCIA_task3/Clean Data for Dr. Fadwa/Bioterg i wt.%\MnO2\0.0125\1\extracted_frames\frame_262.png
4480,Bioterg i wt.%,MnO2,0.0125,1,200,1064.94,0.0,,,,,,,,,1064.99,,,,,,,14.8,45.8,,C:/Users/User/Desktop/AISCIA/task3/AISCIA_task3/Clean Data for Dr. Fadwa/Bioterg i wt.%\MnO2\0.0125\1\extracted_frames\frame_263.png
4481,Bioterg i wt.%,MnO2,0.0125,1,201,1069.94,0.0,,,,,,,,,1069.99,,,,,,,14.8,45.8,,C:/Users/User/Desktop/AISCIA/task3/AISCIA_task3/Clean Data for Dr. Fadwa/Bioterg i wt.%\MnO2\0.0125\1\extracted_frames\frame_264.png
4482,Bioterg i wt.%,MnO2,0.0125,1,202,1074.94,0.0,,,,,,,,,1074.99,,,,,,,14.7,43.9,,C:/Users/User/Desktop/AISCIA/task3/AISCIA_task3/Clean Data for Dr. Fadwa/Bioterg i wt.%\MnO2\0.0125\1\extracted_frames\frame_265.png
4483,Bioterg i wt.%,MnO2,0.0125,1,203,1079.94,0.0,,,,,,,,,1079.99,,,,,,,14.5,43.9,,C:/Users/User/Desktop/AISCIA/task3/AISCIA_task3/Clean Data for Dr. Fadwa/Bioterg i wt.%\MnO2\0.0125\1\extracted_frames\frame_266.png
4484,Bioterg i wt.%,MnO2,0.0125,1,204,1084.94,0.0,,,,,,,,,1084.99,,,,,,,14.4,45.8,,C:/Users/User/Desktop/AISCIA/task3/AISCIA_task3/Clean Data for Dr. Fadwa/Bioterg i wt.%\MnO2\0.0125\1\extracted_frames\frame_267.png
4485,Bioterg i wt.%,MnO2,0.0125,1,205,1089.94,0.0,,,,,,,,,1089.99,,,,,,,14.4,45.8,,C:/Users/User/Desktop/AISCIA/task3/AISCIA_task3/Clean Data for Dr. Fadwa/Bioterg i wt.%\MnO2\0.0125\1\extracted_frames\frame_268.png
4486,Bioterg i wt.%,MnO2,0.0125,1,206,1094.94,0.0,,,,,,,,,1094.99,,,,,,,14.1,43.9,,C:/Users/User/Desktop/AISCIA/task3/AISCIA_task3/Clean Data for Dr. Fadwa/Bioterg i wt.%\MnO2\0.0125\1\extracted_frames\frame_269.png
4487,Bioterg i wt.%,MnO2,0.0125,1,207,1099.94,0.0,,,,,,,,,1099.99,,,,,,,14.1,42.0,,C:/Users/User/Desktop/AISCIA/task3/AISCIA_task3/Clean Data for Dr. Fadwa/Bioterg i wt.%\MnO2\0.0125\1\extracted_frames\frame_270.png
4488,Bioterg i wt.%,MnO2,0.0125,1,208,1104.94,0.0,,,,,,,,,1104.99,,,,,,,13.8,40.0,,C:/Users/User/Desktop/AISCIA/task3/AISCIA_task3/Clean Data for Dr. Fadwa/Bioterg i wt.%\MnO2\0.0125\1\extracted_frames\frame_271.png
4489,Bioterg i wt.%,MnO2,0.0125,1,209,1109.94,0.0,,,,,,,,,1109.99,,,,,,,13.8,40.0,,C:/Users/User/Desktop/AISCIA/task3/AISCIA_task3/Clean Data for Dr. Fadwa/Bioterg i wt.%\MnO2\0.0125\1\extracted_frames\frame_272.png
4490,Bioterg i wt.%,MnO2,0.0125,1,210,1114.94,0.0,,,,,,,,,1114.99,,,,,,,13.5,38.1,,C:/Users/User/Desktop/AISCIA/task3/AISCIA_task3/Clean Data for Dr. Fadwa/Bioterg i wt.%\MnO2\0.0125\1\extracted_frames\frame_273.png
4491,Bioterg i wt.%,MnO2,0.0125,1,211,1119.94,0.0,,,,,,,,,1119.99,,,,,,,13.4,38.1,,C:/Users/User/Desktop/AISCIA/task3/AISCIA_task3/Clean Data for Dr. Fadwa/Bioterg i wt.%\MnO2\0.0125\1\extracted_frames\frame_274.png
4492,Bioterg i wt.%,MnO2,0.0125,1,212,1124.94,0.0,,,,,,,,,1124.99,,,,,,,12.8,38.1,,C:/Users/User/Desktop/AISCIA/task3/AISCIA_task3/Clean Data for Dr. Fadwa/Bioterg i wt.%\MnO2\0.0125\1\extracted_frames\frame_275.png
4493,Bioterg i wt.%,MnO2,0.0125,1,213,1129.94,0.0,,,,,,,,,1129.99,,,,,,,12.8,38.1,,C:/Users/User/Desktop/AISCIA/task3/AISCIA_task3/Clean Data for Dr. Fadwa/Bioterg i wt.%\MnO2\0.0125\1\extracted_frames\frame_276.png
4494,Bioterg i wt.%,MnO2,0.0125,1,214,1134.94,0.0,,,,,,,,,1134.99,,,,,,,12.6,38.1,,C:/Users/User/Desktop/AISCIA/task3/AISCIA_task3/Clean Data for Dr. Fadwa/Bioterg i wt.%\MnO2\0.0125\1\extracted_frames\frame_277.png
4495,Bioterg i wt.%,MnO2,0.0125,1,215,1139.94,0.0,,,,,,,,,1139.99,,,,,,,12.5,38.1,,C:/Users/User/Desktop/AISCIA/task3/AISCIA_task3/Clean Data for Dr. Fadwa/Bioterg i wt.%\MnO2\0.0125\1\extracted_frames\frame_278.png
4496,Bioterg i wt.%,MnO2,0.0125,1,216,1144.94,0.0,,,,,,,,,1144.99,,,,,,,12.3,40.0,,C:/Users/User/Desktop/AISCIA/task3/AISCIA_task3/Clean Data for Dr. Fadwa/Bioterg i wt.%\MnO2\0.0125\1\extracted_frames\frame_279.png
4497,Bioterg i wt.%,MnO2,0.0125,1,217,1149.94,0.0,,,,,,,,,1149.99,,,,,,,12.6,40.0,,C:/Users/User/Desktop/AISCIA/task3/AISCIA_task3/Clean Data for Dr. Fadwa/Bioterg i wt.%\MnO2\0.0125\1\extracted_frames\frame_280.png
4498,Bioterg i wt.%,MnO2,0.0125,1,218,1154.94,0.0,,,,,,,,,1154.99,,,,,,,12.5,40.0,,C:/Users/User/Desktop/AISCIA/task3/AISCIA_task3/Clean Data for Dr. Fadwa/Bioterg i wt.%\MnO2\0.0125\1\extracted_frames\frame_281.png
4499,Bioterg i wt.%,MnO2,0.0125,1,219,1159.94,0.0,,,,,,,,,1159.99,,,,,,,12.4,40.0,,C:/Users/User/Desktop/AISCIA/task3/AISCIA_task3/Clean Data for Dr. Fadwa/Bioterg i wt.%\MnO2\0.0125\1\extracted_frames\frame_282.png
4500,Bioterg i wt.%,MnO2,0.0125,1,220,1164.94,0.0,,,,,,,,,1164.99,,,,,,,12.1,40.0,,C:/Users/User/Desktop/AISCIA/task3/AISCIA_task3/Clean Data for Dr. Fadwa/Bioterg i wt.%\MnO2\0.0125\1\extracted_frames\frame_283.png
4501,Bioterg i wt.%,MnO2,0.0125,1,221,1169.94,0.0,,,,,,,,,1169.99,,,,,,,12.3,40.0,,C:/Users/User/Desktop/AISCIA/task3/AISCIA_task3/Clean Data for Dr. Fadwa/Bioterg i wt.%\MnO2\0.0125\1\extracted_frames\frame_284.png
4502,Bioterg i wt.%,MnO2,0.0125,1,222,1174.94,0.0,,,,,,,,,1174.99,,,,,,,12.2,42.0,,C:/Users/User/Desktop/AISCIA/task3/AISCIA_task3/Clean Data for Dr. Fadwa/Bioterg i wt.%\MnO2\0.0125\1\extracted_frames\frame_285.png
4503,Bioterg i wt.%,MnO2,0.0125,1,223,1179.94,0.0,,,,,,,,,1179.99,,,,,,,11.9,42.0,,C:/Users/User/Desktop/AISCIA/task3/AISCIA_task3/Clean Data for Dr. Fadwa/Bioterg i wt.%\MnO2\0.0125\1\extracted_frames\frame_286.png
4504,Bioterg i wt.%,MnO2,0.0125,1,224,1184.94,0.0,,,,,,,,,1184.99,,,,,,,11.8,45.8,,C:/Users/User/Desktop/AISCIA/task3/AISCIA_task3/Clean Data for Dr. Fadwa/Bioterg i wt.%\MnO2\0.0125\1\extracted_frames\frame_287.png
4505,Bioterg i wt.%,MnO2,0.0125,1,225,1189.94,0.0,,,,,,,,,1189.99,,,,,,,11.5,45.8,,C:/Users/User/Desktop/AISCIA/task3/AISCIA_task3/Clean Data for Dr. Fadwa/Bioterg i wt.%\MnO2\0.0125\1\extracted_frames\frame_288.png
4506,Bioterg i wt.%,MnO2,0.0125,1,226,1194.94,0.0,,,,,,,,,1194.99,,,,,,,10.9,47.8,,C:/Users/User/Desktop/AISCIA/task3/AISCIA_task3/Clean Data for Dr. Fadwa/Bioterg i wt.%\MnO2\0.0125\1\extracted_frames\frame_289.png
4507,Bioterg i wt.%,MnO2,0.0125,1,227,1199.94,0.0,,,,,,,,,1199.99,,,,,,,10.9,47.8,,C:/Users/User/Desktop/AISCIA/task3/AISCIA_task3/Clean Data for Dr. Fadwa/Bioterg i wt.%\MnO2\0.0125\1\extracted_frames\frame_290.png
4508,Bioterg i wt.%,MnO2,0.0125,1,228,1204.94,0.0,,,,,,,,,1204.99,,,,,,,11.2,49.7,,C:/Users/User/Desktop/AISCIA/task3/AISCIA_task3/Clean Data for Dr. Fadwa/Bioterg i wt.%\MnO2\0.0125\1\extracted_frames\frame_291.png
4509,Bioterg i wt.%,MnO2,0.0125,1,229,1209.94,0.0,,,,,,,,,1209.99,,,,,,,11.4,49.7,,C:/Users/User/Desktop/AISCIA/task3/AISCIA_task3/Clean Data for Dr. Fadwa/Bioterg i wt.%\MnO2\0.0125\1\extracted_frames\frame_292.png
4510,Bioterg i wt.%,MnO2,0.0125,1,230,1214.94,0.0,,,,,,,,,1214.99,,,,,,,11.4,49.7,,C:/Users/User/Desktop/AISCIA/task3/AISCIA_task3/Clean Data for Dr. Fadwa/Bioterg i wt.%\MnO2\0.0125\1\extracted_frames\frame_293.png
4511,Bioterg i wt.%,MnO2,0.0125,1,231,1219.94,0.0,,,,,,,,,1219.99,,,,,,,11.4,49.7,,C:/Users/User/Desktop/AISCIA/task3/AISCIA_task3/Clean Data for Dr. Fadwa/Bioterg i wt.%\MnO2\0.0125\1\extracted_frames\frame_294.png
4512,Bioterg i wt.%,MnO2,0.0125,1,232,1224.94,0.0,,,,,,,,,1224.99,,,,,,,11.5,51.6,,C:/Users/User/Desktop/AISCIA/task3/AISCIA_task3/Clean Data for Dr. Fadwa/Bioterg i wt.%\MnO2\0.0125\1\extracted_frames\frame_295.png
4513,Bioterg i wt.%,MnO2,0.0125,1,233,1229.94,0.0,,,,,,,,,1229.99,,,,,,,11.5,51.6,,C:/Users/User/Desktop/AISCIA/task3/AISCIA_task3/Clean Data for Dr. Fadwa/Bioterg i wt.%\MnO2\0.0125\1\extracted_frames\frame_296.png
4514,Bioterg i wt.%,MnO2,0.0125,1,234,1234.94,0.0,,,,,,,,,1234.99,,,,,,,11.3,51.6,,C:/Users/User/Desktop/AISCIA/task3/AISCIA_task3/Clean Data for Dr. Fadwa/Bioterg i wt.%\MnO2\0.0125\1\extracted_frames\frame_297.png
4515,Bioterg i wt.%,MnO2,0.0125,1,235,1239.94,0.0,,,,,,,,,1239.99,,,,,,,11.3,51.6,,C:/Users/User/Desktop/AISCIA/task3/AISCIA_task3/Clean Data for Dr. Fadwa/Bioterg i wt.%\MnO2\0.0125\1\extracted_frames\frame_298.png
4516,Bioterg i wt.%,MnO2,0.0125,1,236,1244.94,0.0,,,,,,,,,1244.99,,,,,,,11.7,51.6,,C:/Users/User/Desktop/AISCIA/task3/AISCIA_task3/Clean Data for Dr. Fadwa/Bioterg i wt.%\MnO2\0.0125\1\extracted_frames\frame_299.png
4517,Bioterg i wt.%,MnO2,0.0125,1,237,1249.94,0.0,,,,,,,,,1249.99,,,,,,,12.1,51.6,,C:/Users/User/Desktop/AISCIA/task3/AISCIA_task3/Clean Data for Dr. Fadwa/Bioterg i wt.%\MnO2\0.0125\1\extracted_frames\frame_300.png
4518,Bioterg i wt.%,MnO2,0.0125,1,238,1254.94,0.0,,,,,,,,,1254.99,,,,,,,12.0,49.7,,C:/Users/User/Desktop/AISCIA/task3/AISCIA_task3/Clean Data for Dr. Fadwa/Bioterg i wt.%\MnO2\0.0125\1\extracted_frames\frame_301.png
4519,Bioterg i wt.%,MnO2,0.0125,1,239,1259.94,0.0,,,,,,,,,1259.99,,,,,,,11.3,47.8,,C:/Users/User/Desktop/AISCIA/task3/AISCIA_task3/Clean Data for Dr. Fadwa/Bioterg i wt.%\MnO2\0.0125\1\extracted_frames\frame_302.png
4520,Bioterg i wt.%,MnO2,0.0125,1,240,1264.94,0.0,,,,,,,,,1264.99,,,,,,,11.2,47.8,,C:/Users/User/Desktop/AISCIA/task3/AISCIA_task3/Clean Data for Dr. Fadwa/Bioterg i wt.%\MnO2\0.0125\1\extracted_frames\frame_303.png
4521,Bioterg i wt.%,MnO2,0.0125,1,241,1269.94,0.0,,,,,,,,,1269.99,,,,,,,11.2,47.8,,C:/Users/User/Desktop/AISCIA/task3/AISCIA_task3/Clean Data for Dr. Fadwa/Bioterg i wt.%\MnO2\0.0125\1\extracted_frames\frame_304.png
4522,Bioterg i wt.%,MnO2,0.0125,1,242,1274.94,0.0,,,,,,,,,1274.99,,,,,,,11.0,47.8,,C:/Users/User/Desktop/AISCIA/task3/AISCIA_task3/Clean Data for Dr. Fadwa/Bioterg i wt.%\MnO2\0.0125\1\extracted_frames\frame_305.png
4523,Bioterg i wt.%,MnO2,0.0125,1,243,1279.94,0.0,,,,,,,,,1279.99,,,,,,,11.0,47.8,,C:/Users/User/Desktop/AISCIA/task3/AISCIA_task3/Clean Data for Dr. Fadwa/Bioterg i wt.%\MnO2\0.0125\1\extracted_frames\frame_306.png
4524,Bioterg i wt.%,MnO2,0.0125,1,244,1284.94,0.0,,,,,,,,,1284.99,,,,,,,11.0,47.8,,C:/Users/User/Desktop/AISCIA/task3/AISCIA_task3/Clean Data for Dr. Fadwa/Bioterg i wt.%\MnO2\0.0125\1\extracted_frames\frame_307.png
4525,Bioterg i wt.%,MnO2,0.0125,1,245,1289.94,0.0,,,,,,,,,1289.99,,,,,,,11.1,49.7,,C:/Users/User/Desktop/AISCIA/task3/AISCIA_task3/Clean Data for Dr. Fadwa/Bioterg i wt.%\MnO2\0.0125\1\extracted_frames\frame_308.png
4526,Bioterg i wt.%,MnO2,0.0125,1,246,1294.94,0.0,,,,,,,,,1294.99,,,,,,,11.1,49.7,,C:/Users/User/Desktop/AISCIA/task3/AISCIA_task3/Clean Data for Dr. Fadwa/Bioterg i wt.%\MnO2\0.0125\1\extracted_frames\frame_309.png
4527,Bioterg i wt.%,MnO2,0.0125,1,247,1299.94,0.0,,,,,,,,,1299.99,,,,,,,10.8,49.7,,C:/Users/User/Desktop/AISCIA/task3/AISCIA_task3/Clean Data for Dr. Fadwa/Bioterg i wt.%\MnO2\0.0125\1\extracted_frames\frame_310.png
4528,Bioterg i wt.%,MnO2,0.0125,1,248,1304.94,0.0,,,,,,,,,1304.99,,,,,,,11.4,49.7,,C:/Users/User/Desktop/AISCIA/task3/AISCIA_task3/Clean Data for Dr. Fadwa/Bioterg i wt.%\MnO2\0.0125\1\extracted_frames\frame_311.png
4529,Bioterg i wt.%,MnO2,0.0125,1,249,1309.94,0.0,,,,,,,,,1309.99,,,,,,,11.5,51.6,,C:/Users/User/Desktop/AISCIA/task3/AISCIA_task3/Clean Data for Dr. Fadwa/Bioterg i wt.%\MnO2\0.0125\1\extracted_frames\frame_312.png
4530,Bioterg i wt.%,MnO2,0.0125,1,250,1314.94,0.0,,,,,,,,,1314.99,,,,,,,11.5,53.6,,C:/Users/User/Desktop/AISCIA/task3/AISCIA_task3/Clean Data for Dr. Fadwa/Bioterg i wt.%\MnO2\0.0125\1\extracted_frames\frame_313.png
4531,Bioterg i wt.%,MnO2,0.0125,1,251,1319.94,0.0,,,,,,,,,1319.99,,,,,,,11.4,53.6,,C:/Users/User/Desktop/AISCIA/task3/AISCIA_task3/Clean Data for Dr. Fadwa/Bioterg i wt.%\MnO2\0.0125\1\extracted_frames\frame_314.png
4532,Bioterg i wt.%,MnO2,0.0125,1,252,1324.94,0.0,,,,,,,,,1324.99,,,,,,,11.4,53.6,,C:/Users/User/Desktop/AISCIA/task3/AISCIA_task3/Clean Data for Dr. Fadwa/Bioterg i wt.%\MnO2\0.0125\1\extracted_frames\frame_315.png
4533,Bioterg i wt.%,MnO2,0.0125,1,253,1329.94,0.0,,,,,,,,,1329.99,,,,,,,11.2,53.6,,C:/Users/User/Desktop/AISCIA/task3/AISCIA_task3/Clean Data for Dr. Fadwa/Bioterg i wt.%\MnO2\0.0125\1\extracted_frames\frame_316.png
4534,Bioterg i wt.%,MnO2,0.0125,1,254,1334.94,0.0,,,,,,,,,1334.99,,,,,,,11.2,53.6,,C:/Users/User/Desktop/AISCIA/task3/AISCIA_task3/Clean Data for Dr. Fadwa/Bioterg i wt.%\MnO2\0.0125\1\extracted_frames\frame_317.png
4535,Bioterg i wt.%,MnO2,0.0125,1,255,1339.94,0.0,,,,,,,,,1339.99,,,,,,,11.3,55.5,,C:/Users/User/Desktop/AISCIA/task3/AISCIA_task3/Clean Data for Dr. Fadwa/Bioterg i wt.%\MnO2\0.0125\1\extracted_frames\frame_318.png
4536,Bioterg i wt.%,MnO2,0.0125,1,256,1344.94,0.0,,,,,,,,,1344.99,,,,,,,11.3,55.5,,C:/Users/User/Desktop/AISCIA/task3/AISCIA_task3/Clean Data for Dr. Fadwa/Bioterg i wt.%\MnO2\0.0125\1\extracted_frames\frame_319.png
4537,Bioterg i wt.%,MnO2,0.0125,1,257,1349.94,0.0,,,,,,,,,1349.99,,,,,,,11.4,57.4,,C:/Users/User/Desktop/AISCIA/task3/AISCIA_task3/Clean Data for Dr. Fadwa/Bioterg i wt.%\MnO2\0.0125\1\extracted_frames\frame_320.png
4538,Bioterg i wt.%,MnO2,0.0125,1,258,1354.94,0.0,,,,,,,,,1354.99,,,,,,,11.4,57.4,,C:/Users/User/Desktop/AISCIA/task3/AISCIA_task3/Clean Data for Dr. Fadwa/Bioterg i wt.%\MnO2\0.0125\1\extracted_frames\frame_321.png
4539,Bioterg i wt.%,MnO2,0.0125,1,259,1359.94,0.0,,,,,,,,,1359.99,,,,,,,11.2,57.4,,C:/Users/User/Desktop/AISCIA/task3/AISCIA_task3/Clean Data for Dr. Fadwa/Bioterg i wt.%\MnO2\0.0125\1\extracted_frames\frame_322.png
4540,Bioterg i wt.%,MnO2,0.0125,1,260,1364.94,0.0,,,,,,,,,1364.99,,,,,,,11.2,57.4,,C:/Users/User/Desktop/AISCIA/task3/AISCIA_task3/Clean Data for Dr. Fadwa/Bioterg i wt.%\MnO2\0.0125\1\extracted_frames\frame_323.png
4541,Bioterg i wt.%,MnO2,0.0125,1,261,1369.94,0.0,,,,,,,,,1369.99,,,,,,,11.2,57.4,,C:/Users/User/Desktop/AISCIA/task3/AISCIA_task3/Clean Data for Dr. Fadwa/Bioterg i wt.%\MnO2\0.0125\1\extracted_frames\frame_324.png
4542,Bioterg i wt.%,MnO2,0.0125,1,262,1374.94,0.0,,,,,,,,,1374.99,,,,,,,11.3,57.4,,C:/Users/User/Desktop/AISCIA/task3/AISCIA_task3/Clean Data for Dr. Fadwa/Bioterg i wt.%\MnO2\0.0125\1\extracted_frames\frame_325.png
4543,Bioterg i wt.%,MnO2,0.0125,1,263,1379.94,0.0,,,,,,,,,1379.99,,,,,,,11.2,57.4,,C:/Users/User/Desktop/AISCIA/task3/AISCIA_task3/Clean Data for Dr. Fadwa/Bioterg i wt.%\MnO2\0.0125\1\extracted_frames\frame_326.png
4544,Bioterg i wt.%,MnO2,0.0125,1,264,1384.94,0.0,,,,,,,,,1384.99,,,,,,,11.2,57.4,,C:/Users/User/Desktop/AISCIA/task3/AISCIA_task3/Clean Data for Dr. Fadwa/Bioterg i wt.%\MnO2\0.0125\1\extracted_frames\frame_327.png
4545,Bioterg i wt.%,MnO2,0.0125,1,265,1389.94,0.0,,,,,,,,,1389.99,,,,,,,11.2,59.4,,C:/Users/User/Desktop/AISCIA/task3/AISCIA_task3/Clean Data for Dr. Fadwa/Bioterg i wt.%\MnO2\0.0125\1\extracted_frames\frame_328.png
4546,Bioterg i wt.%,MnO2,0.0125,1,266,1394.94,0.0,,,,,,,,,1394.99,,,,,,,11.2,59.4,,C:/Users/User/Desktop/AISCIA/task3/AISCIA_task3/Clean Data for Dr. Fadwa/Bioterg i wt.%\MnO2\0.0125\1\extracted_frames\frame_329.png
4547,Bioterg i wt.%,MnO2,0.0125,1,267,1399.94,0.0,,,,,,,,,1399.99,,,,,,,11.2,59.4,,C:/Users/User/Desktop/AISCIA/task3/AISCIA_task3/Clean Data for Dr. Fadwa/Bioterg i wt.%\MnO2\0.0125\1\extracted_frames\frame_330.png
4548,Bioterg i wt.%,MnO2,0.0125,1,268,1404.94,0.0,,,,,,,,,1404.99,,,,,,,11.1,59.4,,C:/Users/User/Desktop/AISCIA/task3/AISCIA_task3/Clean Data for Dr. Fadwa/Bioterg i wt.%\MnO2\0.0125\1\extracted_frames\frame_331.png
4549,Bioterg i wt.%,MnO2,0.0125,1,269,1409.94,0.0,,,,,,,,,1409.99,,,,,,,11.1,59.4,,C:/Users/User/Desktop/AISCIA/task3/AISCIA_task3/Clean Data for Dr. Fadwa/Bioterg i wt.%\MnO2\0.0125\1\extracted_frames\frame_332.png
4550,Bioterg i wt.%,MnO2,0.0125,1,270,1414.94,0.0,,,,,,,,,1414.99,,,,,,,11.0,59.4,,C:/Users/User/Desktop/AISCIA/task3/AISCIA_task3/Clean Data for Dr. Fadwa/Bioterg i wt.%\MnO2\0.0125\1\extracted_frames\frame_333.png
4551,Bioterg i wt.%,MnO2,0.0125,1,271,1419.94,0.0,,,,,,,,,1419.99,,,,,,,11.0,59.4,,C:/Users/User/Desktop/AISCIA/task3/AISCIA_task3/Clean Data for Dr. Fadwa/Bioterg i wt.%\MnO2\0.0125\1\extracted_frames\frame_334.png
4552,Bioterg i wt.%,MnO2,0.0125,1,272,1424.94,0.0,,,,,,,,,1424.99,,,,,,,10.9,61.3,,C:/Users/User/Desktop/AISCIA/task3/AISCIA_task3/Clean Data for Dr. Fadwa/Bioterg i wt.%\MnO2\0.0125\1\extracted_frames\frame_335.png
4553,Bioterg i wt.%,MnO2,0.0125,1,273,1429.94,0.0,,,,,,,,,1429.99,,,,,,,10.8,61.3,,C:/Users/User/Desktop/AISCIA/task3/AISCIA_task3/Clean Data for Dr. Fadwa/Bioterg i wt.%\MnO2\0.0125\1\extracted_frames\frame_336.png
4554,Bioterg i wt.%,MnO2,0.0125,1,274,1434.94,0.0,,,,,,,,,1434.99,,,,,,,10.8,61.3,,C:/Users/User/Desktop/AISCIA/task3/AISCIA_task3/Clean Data for Dr. Fadwa/Bioterg i wt.%\MnO2\0.0125\1\extracted_frames\frame_337.png
4555,Bioterg i wt.%,MnO2,0.0125,1,275,1439.94,0.0,,,,,,,,,1439.99,,,,,,,10.8,61.3,,C:/Users/User/Desktop/AISCIA/task3/AISCIA_task3/Clean Data for Dr. Fadwa/Bioterg i wt.%\MnO2\0.0125\1\extracted_frames\frame_338.png
4556,Bioterg i wt.%,MnO2,0.0125,1,276,1444.94,0.0,,,,,,,,,1444.99,,,,,,,10.8,61.3,,C:/Users/User/Desktop/AISCIA/task3/AISCIA_task3/Clean Data for Dr. Fadwa/Bioterg i wt.%\MnO2\0.0125\1\extracted_frames\frame_339.png
4557,Bioterg i wt.%,MnO2,0.0125,1,277,1449.94,0.0,,,,,,,,,1449.99,,,,,,,10.8,61.3,,C:/Users/User/Desktop/AISCIA/task3/AISCIA_task3/Clean Data for Dr. Fadwa/Bioterg i wt.%\MnO2\0.0125\1\extracted_frames\frame_340.png
4558,Bioterg i wt.%,MnO2,0.0125,1,278,1454.94,0.0,,,,,,,,,1454.99,,,,,,,10.8,63.2,,C:/Users/User/Desktop/AISCIA/task3/AISCIA_task3/Clean Data for Dr. Fadwa/Bioterg i wt.%\MnO2\0.0125\1\extracted_frames\frame_341.png
4559,Bioterg i wt.%,MnO2,0.0125,1,279,1459.94,0.0,,,,,,,,,1459.99,,,,,,,10.7,61.3,,C:/Users/User/Desktop/AISCIA/task3/AISCIA_task3/Clean Data for Dr. Fadwa/Bioterg i wt.%\MnO2\0.0125\1\extracted_frames\frame_342.png
4560,Bioterg i wt.%,MnO2,0.0125,1,280,1464.94,0.0,,,,,,,,,1464.99,,,,,,,10.8,63.2,,C:/Users/User/Desktop/AISCIA/task3/AISCIA_task3/Clean Data for Dr. Fadwa/Bioterg i wt.%\MnO2\0.0125\1\extracted_frames\frame_343.png
4561,Bioterg i wt.%,MnO2,0.0125,1,281,1469.94,0.0,,,,,,,,,1469.99,,,,,,,10.8,63.2,,C:/Users/User/Desktop/AISCIA/task3/AISCIA_task3/Clean Data for Dr. Fadwa/Bioterg i wt.%\MnO2\0.0125\1\extracted_frames\frame_344.png
4562,Bioterg i wt.%,MnO2,0.0125,1,282,1474.94,0.0,,,,,,,,,1474.99,,,,,,,10.5,61.3,,C:/Users/User/Desktop/AISCIA/task3/AISCIA_task3/Clean Data for Dr. Fadwa/Bioterg i wt.%\MnO2\0.0125\1\extracted_frames\frame_345.png
4563,Bioterg i wt.%,MnO2,0.0125,1,283,1479.94,0.0,,,,,,,,,1479.99,,,,,,,10.5,61.3,,C:/Users/User/Desktop/AISCIA/task3/AISCIA_task3/Clean Data for Dr. Fadwa/Bioterg i wt.%\MnO2\0.0125\1\extracted_frames\frame_346.png
4564,Bioterg i wt.%,MnO2,0.0125,1,284,1484.94,0.0,,,,,,,,,1484.99,,,,,,,10.4,57.4,,C:/Users/User/Desktop/AISCIA/task3/AISCIA_task3/Clean Data for Dr. Fadwa/Bioterg i wt.%\MnO2\0.0125\1\extracted_frames\frame_347.png
4565,Bioterg i wt.%,MnO2,0.0125,1,285,1489.94,0.0,,,,,,,,,1489.99,,,,,,,10.2,55.5,,C:/Users/User/Desktop/AISCIA/task3/AISCIA_task3/Clean Data for Dr. Fadwa/Bioterg i wt.%\MnO2\0.0125\1\extracted_frames\frame_348.png
4566,Bioterg i wt.%,MnO2,0.0125,1,286,1494.94,0.0,,,,,,,,,1494.99,,,,,,,9.9,49.7,,C:/Users/User/Desktop/AISCIA/task3/AISCIA_task3/Clean Data for Dr. Fadwa/Bioterg i wt.%\MnO2\0.0125\1\extracted_frames\frame_349.png
4567,Bioterg i wt.%,MnO2,0.0125,1,287,1499.94,0.0,,,,,,,,,1499.99,,,,,,,9.7,45.8,,C:/Users/User/Desktop/AISCIA/task3/AISCIA_task3/Clean Data for Dr. Fadwa/Bioterg i wt.%\MnO2\0.0125\1\extracted_frames\frame_350.png
4568,Bioterg i wt.%,MnO2,0.0125,1,288,1504.94,0.0,,,,,,,,,1504.99,,,,,,,9.5,43.9,,C:/Users/User/Desktop/AISCIA/task3/AISCIA_task3/Clean Data for Dr. Fadwa/Bioterg i wt.%\MnO2\0.0125\1\extracted_frames\frame_351.png
4569,Bioterg i wt.%,MnO2,0.0125,1,289,1509.94,0.0,,,,,,,,,1509.99,,,,,,,9.3,40.0,,C:/Users/User/Desktop/AISCIA/task3/AISCIA_task3/Clean Data for Dr. Fadwa/Bioterg i wt.%\MnO2\0.0125\1\extracted_frames\frame_352.png
4570,Bioterg i wt.%,MnO2,0.0125,1,290,1514.94,0.0,,,,,,,,,1514.99,,,,,,,9.3,40.0,,C:/Users/User/Desktop/AISCIA/task3/AISCIA_task3/Clean Data for Dr. Fadwa/Bioterg i wt.%\MnO2\0.0125\1\extracted_frames\frame_353.png
4571,Bioterg i wt.%,MnO2,0.0125,1,291,1519.94,0.0,,,,,,,,,1519.99,,,,,,,9.2,38.1,,C:/Users/User/Desktop/AISCIA/task3/AISCIA_task3/Clean Data for Dr. Fadwa/Bioterg i wt.%\MnO2\0.0125\1\extracted_frames\frame_354.png
4572,Bioterg i wt.%,MnO2,0.0125,1,292,1524.94,0.0,,,,,,,,,1524.99,,,,,,,9.1,38.1,,C:/Users/User/Desktop/AISCIA/task3/AISCIA_task3/Clean Data for Dr. Fadwa/Bioterg i wt.%\MnO2\0.0125\1\extracted_frames\frame_355.png
4573,Bioterg i wt.%,MnO2,0.0125,1,293,1529.94,0.0,,,,,,,,,1529.99,,,,,,,8.9,38.1,,C:/Users/User/Desktop/AISCIA/task3/AISCIA_task3/Clean Data for Dr. Fadwa/Bioterg i wt.%\MnO2\0.0125\1\extracted_frames\frame_356.png
4574,Bioterg i wt.%,MnO2,0.0125,1,294,1534.94,0.0,,,,,,,,,1534.99,,,,,,,8.9,38.1,,C:/Users/User/Desktop/AISCIA/task3/AISCIA_task3/Clean Data for Dr. Fadwa/Bioterg i wt.%\MnO2\0.0125\1\extracted_frames\frame_357.png
4575,Bioterg i wt.%,MnO2,0.0125,1,295,1539.94,0.0,,,,,,,,,1539.99,,,,,,,8.9,38.1,,C:/Users/User/Desktop/AISCIA/task3/AISCIA_task3/Clean Data for Dr. Fadwa/Bioterg i wt.%\MnO2\0.0125\1\extracted_frames\frame_358.png
4576,Bioterg i wt.%,MnO2,0.0125,1,296,1544.94,0.0,,,,,,,,,1544.99,,,,,,,8.9,38.1,,C:/Users/User/Desktop/AISCIA/task3/AISCIA_task3/Clean Data for Dr. Fadwa/Bioterg i wt.%\MnO2\0.0125\1\extracted_frames\frame_359.png
4577,Bioterg i wt.%,MnO2,0.0125,1,297,1549.94,0.0,,,,,,,,,1549.99,,,,,,,8.9,38.1,,C:/Users/User/Desktop/AISCIA/task3/AISCIA_task3/Clean Data for Dr. Fadwa/Bioterg i wt.%\MnO2\0.0125\1\extracted_frames\frame_360.png
4578,Bioterg i wt.%,MnO2,0.0125,1,298,1554.94,0.0,,,,,,,,,1554.99,,,,,,,8.9,38.1,,C:/Users/User/Desktop/AISCIA/task3/AISCIA_task3/Clean Data for Dr. Fadwa/Bioterg i wt.%\MnO2\0.0125\1\extracted_frames\frame_361.png
4579,Bioterg i wt.%,MnO2,0.0125,1,299,1559.94,0.0,,,,,,,,,1559.99,,,,,,,8.9,38.1,,C:/Users/User/Desktop/AISCIA/task3/AISCIA_task3/Clean Data for Dr. Fadwa/Bioterg i wt.%\MnO2\0.0125\1\extracted_frames\frame_362.png
12774,Cocobetain 1 wt.%,CNT,0.00625,1,0,62.88,60.632,,,,,,,3.0,14.0,64.47,,,,,,,99.9,100.0,,C:/Users/User/Desktop/AISCIA/task3/AISCIA_task3/Clean Data for Dr. Fadwa/Cocobetain 1 wt.%\CNT\0.00625\1\extracted_frames\frame_062.png
12775,Cocobetain 1 wt.%,CNT,0.00625,1,1,67.88,64.092,,,,,,,4.0,30.0,67.47,,,,,,,99.7,100.0,,C:/Users/User/Desktop/AISCIA/task3/AISCIA_task3/Clean Data for Dr. Fadwa/Cocobetain 1 wt.%\CNT\0.00625\1\extracted_frames\frame_063.png
12776,Cocobetain 1 wt.%,CNT,0.00625,1,2,72.88,63.396,,,,,,,2.0,8.0,72.47,,,,,,,98.6,100.0,,C:/Users/User/Desktop/AISCIA/task3/AISCIA_task3/Clean Data for Dr. Fadwa/Cocobetain 1 wt.%\CNT\0.00625\1\extracted_frames\frame_064.png
12777,Cocobetain 1 wt.%,CNT,0.00625,1,3,77.88,59.937,,,,,,,2.0,11.0,77.47,,,,,,,97.6,98.4,,C:/Users/User/Desktop/AISCIA/task3/AISCIA_task3/Clean Data for Dr. Fadwa/Cocobetain 1 wt.%\CNT\0.00625\1\extracted_frames\frame_065.png
12778,Cocobetain 1 wt.%,CNT,0.00625,1,4,82.88,54.605,,,,,,,2.0,9.0,82.47,,,,,,,96.0,94.6,,C:/Users/User/Desktop/AISCIA/task3/AISCIA_task3/Clean Data for Dr. Fadwa/Cocobetain 1 wt.%\CNT\0.00625\1\extracted_frames\frame_066.png
12779,Cocobetain 1 wt.%,CNT,0.00625,1,5,87.88,52.306,,,,,,,3.0,13.0,87.47,,,,,,,94.5,90.1,,C:/Users/User/Desktop/AISCIA/task3/AISCIA_task3/Clean Data for Dr. Fadwa/Cocobetain 1 wt.%\CNT\0.00625\1\extracted_frames\frame_067.png
12780,Cocobetain 1 wt.%,CNT,0.00625,1,6,92.88,51.681,,,,,,,3.0,14.0,92.47,,,,,,,93.0,85.0,,C:/Users/User/Desktop/AISCIA/task3/AISCIA_task3/Clean Data for Dr. Fadwa/Cocobetain 1 wt.%\CNT\0.00625\1\extracted_frames\frame_068.png
12781,Cocobetain 1 wt.%,CNT,0.00625,1,7,97.88,46.567,,,,,,,3.0,13.0,97.47,,,,,,,91.4,79.4,,C:/Users/User/Desktop/AISCIA/task3/AISCIA_task3/Clean Data for Dr. Fadwa/Cocobetain 1 wt.%\CNT\0.00625\1\extracted_frames\frame_069.png
12782,Cocobetain 1 wt.%,CNT,0.00625,1,8,102.88,42.484,,,,,,,3.0,13.0,102.47,,,,,,,89.2,73.0,,C:/Users/User/Desktop/AISCIA/task3/AISCIA_task3/Clean Data for Dr. Fadwa/Cocobetain 1 wt.%\CNT\0.00625\1\extracted_frames\frame_070.png
12783,Cocobetain 1 wt.%,CNT,0.00625,1,9,107.88,36.309,,,,,,,3.0,17.0,107.47,,,,,,,87.2,66.0,,C:/Users/User/Desktop/AISCIA/task3/AISCIA_task3/Clean Data for Dr. Fadwa/Cocobetain 1 wt.%\CNT\0.00625\1\extracted_frames\frame_071.png
12784,Cocobetain 1 wt.%,CNT,0.00625,1,10,112.88,31.896,,,,,,,3.0,17.0,112.47,,,,,,,85.3,59.1,,C:/Users/User/Desktop/AISCIA/task3/AISCIA_task3/Clean Data for Dr. Fadwa/Cocobetain 1 wt.%\CNT\0.00625\1\extracted_frames\frame_072.png
12785,Cocobetain 1 wt.%,CNT,0.00625,1,11,117.88,27.53,,,,,,,4.0,16.0,117.47,,,,,,,82.4,52.1,,C:/Users/User/Desktop/AISCIA/task3/AISCIA_task3/Clean Data for Dr. Fadwa/Cocobetain 1 wt.%\CNT\0.00625\1\extracted_frames\frame_073.png
12786,Cocobetain 1 wt.%,CNT,0.00625,1,12,122.88,23.701,,,,,,,4.0,17.0,122.47,,,,,,,80.3,45.7,,C:/Users/User/Desktop/AISCIA/task3/AISCIA_task3/Clean Data for Dr. Fadwa/Cocobetain 1 wt.%\CNT\0.00625\1\extracted_frames\frame_074.png
12787,Cocobetain 1 wt.%,CNT,0.00625,1,13,127.88,17.257,,,,,,,3.0,15.0,127.47,,,,,,,78.8,39.8,,C:/Users/User/Desktop/AISCIA/task3/AISCIA_task3/Clean Data for Dr. Fadwa/Cocobetain 1 wt.%\CNT\0.00625\1\extracted_frames\frame_075.png
12788,Cocobetain 1 wt.%,CNT,0.00625,1,14,132.88,12.773,,,,,,,3.0,12.0,132.47,,,,,,,76.8,34.7,,C:/Users/User/Desktop/AISCIA/task3/AISCIA_task3/Clean Data for Dr. Fadwa/Cocobetain 1 wt.%\CNT\0.00625\1\extracted_frames\frame_076.png
12789,Cocobetain 1 wt.%,CNT,0.00625,1,15,137.88,8.768,,,,,,,2.0,4.0,137.47,,,,,,,75.2,30.4,,C:/Users/User/Desktop/AISCIA/task3/AISCIA_task3/Clean Data for Dr. Fadwa/Cocobetain 1 wt.%\CNT\0.00625\1\extracted_frames\frame_077.png
12790,Cocobetain 1 wt.%,CNT,0.00625,1,16,142.88,5.965,,,,,,,2.0,3.0,142.47,,,,,,,73.8,26.7,,C:/Users/User/Desktop/AISCIA/task3/AISCIA_task3/Clean Data for Dr. Fadwa/Cocobetain 1 wt.%\CNT\0.00625\1\extracted_frames\frame_078.png
12791,Cocobetain 1 wt.%,CNT,0.00625,1,17,147.88,4.204,,,,,,,2.0,3.0,147.47,,,,,,,72.6,23.7,,C:/Users/User/Desktop/AISCIA/task3/AISCIA_task3/Clean Data for Dr. Fadwa/Cocobetain 1 wt.%\CNT\0.00625\1\extracted_frames\frame_079.png
12792,Cocobetain 1 wt.%,CNT,0.00625,1,18,152.88,3.163,,,,,,,1.0,1.0,152.47,,,,,,,71.7,21.3,,C:/Users/User/Desktop/AISCIA/task3/AISCIA_task3/Clean Data for Dr. Fadwa/Cocobetain 1 wt.%\CNT\0.00625\1\extracted_frames\frame_080.png
12793,Cocobetain 1 wt.%,CNT,0.00625,1,19,157.88,2.494,,,,,,,1.0,1.0,157.47,,,,,,,70.7,19.5,,C:/Users/User/Desktop/AISCIA/task3/AISCIA_task3/Clean Data for Dr. Fadwa/Cocobetain 1 wt.%\CNT\0.00625\1\extracted_frames\frame_081.png
12794,Cocobetain 1 wt.%,CNT,0.00625,1,20,162.88,1.952,,,,,,,1.0,1.0,162.47,,,,,,,69.9,18.4,,C:/Users/User/Desktop/AISCIA/task3/AISCIA_task3/Clean Data for Dr. Fadwa/Cocobetain 1 wt.%\CNT\0.00625\1\extracted_frames\frame_082.png
12795,Cocobetain 1 wt.%,CNT,0.00625,1,21,167.88,1.665,,,,,,,1.0,1.0,167.47,,,,,,,69.4,17.3,,C:/Users/User/Desktop/AISCIA/task3/AISCIA_task3/Clean Data for Dr. Fadwa/Cocobetain 1 wt.%\CNT\0.00625\1\extracted_frames\frame_083.png
12796,Cocobetain 1 wt.%,CNT,0.00625,1,22,172.88,1.552,,,,,,,1.0,1.0,172.47,,,,,,,68.6,16.8,,C:/Users/User/Desktop/AISCIA/task3/AISCIA_task3/Clean Data for Dr. Fadwa/Cocobetain 1 wt.%\CNT\0.00625\1\extracted_frames\frame_084.png
12797,Cocobetain 1 wt.%,CNT,0.00625,1,23,177.88,1.243,,,,,,,1.0,1.0,177.47,,,,,,,67.7,16.0,,C:/Users/User/Desktop/AISCIA/task3/AISCIA_task3/Clean Data for Dr. Fadwa/Cocobetain 1 wt.%\CNT\0.00625\1\extracted_frames\frame_085.png
12798,Cocobetain 1 wt.%,CNT,0.00625,1,24,182.88,1.254,,,,,,,1.0,1.0,182.47,,,,,,,67.3,15.4,,C:/Users/User/Desktop/AISCIA/task3/AISCIA_task3/Clean Data for Dr. Fadwa/Cocobetain 1 wt.%\CNT\0.00625\1\extracted_frames\frame_086.png
12799,Cocobetain 1 wt.%,CNT,0.00625,1,25,187.88,1.221,,,,,,,1.0,1.0,187.47,,,,,,,66.8,15.2,,C:/Users/User/Desktop/AISCIA/task3/AISCIA_task3/Clean Data for Dr. Fadwa/Cocobetain 1 wt.%\CNT\0.00625\1\extracted_frames\frame_087.png
12800,Cocobetain 1 wt.%,CNT,0.00625,1,26,192.88,1.169,,,,,,,2.0,2.0,192.47,,,,,,,66.3,14.6,,C:/Users/User/Desktop/AISCIA/task3/AISCIA_task3/Clean Data for Dr. Fadwa/Cocobetain 1 wt.%\CNT\0.00625\1\extracted_frames\frame_088.png
12801,Cocobetain 1 wt.%,CNT,0.00625,1,27,197.88,1.15,,,,,,,2.0,1.0,197.47,,,,,,,66.0,14.4,,C:/Users/User/Desktop/AISCIA/task3/AISCIA_task3/Clean Data for Dr. Fadwa/Cocobetain 1 wt.%\CNT\0.00625\1\extracted_frames\frame_089.png
12802,Cocobetain 1 wt.%,CNT,0.00625,1,28,202.88,1.201,,,,,,,2.0,3.0,202.47,,,,,,,65.6,14.1,,C:/Users/User/Desktop/AISCIA/task3/AISCIA_task3/Clean Data for Dr. Fadwa/Cocobetain 1 wt.%\CNT\0.00625\1\extracted_frames\frame_090.png
12803,Cocobetain 1 wt.%,CNT,0.00625,1,29,207.88,1.152,,,,,,,2.0,2.0,207.47,,,,,,,65.2,13.8,,C:/Users/User/Desktop/AISCIA/task3/AISCIA_task3/Clean Data for Dr. Fadwa/Cocobetain 1 wt.%\CNT\0.00625\1\extracted_frames\frame_091.png
12804,Cocobetain 1 wt.%,CNT,0.00625,1,30,212.88,1.132,,,,,,,2.0,2.0,212.47,,,,,,,64.9,13.8,,C:/Users/User/Desktop/AISCIA/task3/AISCIA_task3/Clean Data for Dr. Fadwa/Cocobetain 1 wt.%\CNT\0.00625\1\extracted_frames\frame_092.png
12805,Cocobetain 1 wt.%,CNT,0.00625,1,31,217.88,1.062,,,,,,,2.0,2.0,217.47,,,,,,,64.5,13.8,,C:/Users/User/Desktop/AISCIA/task3/AISCIA_task3/Clean Data for Dr. Fadwa/Cocobetain 1 wt.%\CNT\0.00625\1\extracted_frames\frame_093.png
12806,Cocobetain 1 wt.%,CNT,0.00625,1,32,222.88,1.046,,,,,,,2.0,2.0,222.47,,,,,,,64.0,13.6,,C:/Users/User/Desktop/AISCIA/task3/AISCIA_task3/Clean Data for Dr. Fadwa/Cocobetain 1 wt.%\CNT\0.00625\1\extracted_frames\frame_094.png
12807,Cocobetain 1 wt.%,CNT,0.00625,1,33,227.88,1.04,,,,,,,2.0,2.0,227.47,,,,,,,63.7,13.6,,C:/Users/User/Desktop/AISCIA/task3/AISCIA_task3/Clean Data for Dr. Fadwa/Cocobetain 1 wt.%\CNT\0.00625\1\extracted_frames\frame_095.png
12808,Cocobetain 1 wt.%,CNT,0.00625,1,34,232.88,0.998,,,,,,,2.0,2.0,232.47,,,,,,,63.2,13.3,,C:/Users/User/Desktop/AISCIA/task3/AISCIA_task3/Clean Data for Dr. Fadwa/Cocobetain 1 wt.%\CNT\0.00625\1\extracted_frames\frame_096.png
12809,Cocobetain 1 wt.%,CNT,0.00625,1,35,237.88,0.957,,,,,,,2.0,1.0,237.47,,,,,,,62.8,13.3,,C:/Users/User/Desktop/AISCIA/task3/AISCIA_task3/Clean Data for Dr. Fadwa/Cocobetain 1 wt.%\CNT\0.00625\1\extracted_frames\frame_097.png
12810,Cocobetain 1 wt.%,CNT,0.00625,1,36,242.88,0.934,,,,,,,1.0,1.0,242.47,,,,,,,62.6,13.3,,C:/Users/User/Desktop/AISCIA/task3/AISCIA_task3/Clean Data for Dr. Fadwa/Cocobetain 1 wt.%\CNT\0.00625\1\extracted_frames\frame_098.png
12811,Cocobetain 1 wt.%,CNT,0.00625,1,37,247.88,0.927,,,,,,,2.0,1.0,247.47,,,,,,,62.4,13.3,,C:/Users/User/Desktop/AISCIA/task3/AISCIA_task3/Clean Data for Dr. Fadwa/Cocobetain 1 wt.%\CNT\0.00625\1\extracted_frames\frame_099.png
12812,Cocobetain 1 wt.%,CNT,0.00625,1,38,252.88,0.912,,,,,,,2.0,2.0,252.47,,,,,,,62.0,13.0,,C:/Users/User/Desktop/AISCIA/task3/AISCIA_task3/Clean Data for Dr. Fadwa/Cocobetain 1 wt.%\CNT\0.00625\1\extracted_frames\frame_100.png
12813,Cocobetain 1 wt.%,CNT,0.00625,1,39,257.88,0.91,,,,,,,2.0,1.0,257.47,,,,,,,61.8,13.0,,C:/Users/User/Desktop/AISCIA/task3/AISCIA_task3/Clean Data for Dr. Fadwa/Cocobetain 1 wt.%\CNT\0.00625\1\extracted_frames\frame_101.png
12814,Cocobetain 1 wt.%,CNT,0.00625,1,40,262.88,0.85,,,,,,,2.0,1.0,262.47,,,,,,,61.5,13.0,,C:/Users/User/Desktop/AISCIA/task3/AISCIA_task3/Clean Data for Dr. Fadwa/Cocobetain 1 wt.%\CNT\0.00625\1\extracted_frames\frame_102.png
12815,Cocobetain 1 wt.%,CNT,0.00625,1,41,267.88,0.854,,,,,,,2.0,1.0,267.47,,,,,,,61.3,13.3,,C:/Users/User/Desktop/AISCIA/task3/AISCIA_task3/Clean Data for Dr. Fadwa/Cocobetain 1 wt.%\CNT\0.00625\1\extracted_frames\frame_103.png
12816,Cocobetain 1 wt.%,CNT,0.00625,1,42,272.88,0.923,,,,,,,2.0,2.0,272.47,,,,,,,60.9,13.3,,C:/Users/User/Desktop/AISCIA/task3/AISCIA_task3/Clean Data for Dr. Fadwa/Cocobetain 1 wt.%\CNT\0.00625\1\extracted_frames\frame_104.png
12817,Cocobetain 1 wt.%,CNT,0.00625,1,43,277.88,0.857,,,,,,,2.0,2.0,277.47,,,,,,,60.6,13.0,,C:/Users/User/Desktop/AISCIA/task3/AISCIA_task3/Clean Data for Dr. Fadwa/Cocobetain 1 wt.%\CNT\0.00625\1\extracted_frames\frame_105.png
12818,Cocobetain 1 wt.%,CNT,0.00625,1,44,282.88,0.997,,,,,,,1.0,1.0,282.47,,,,,,,60.4,13.0,,C:/Users/User/Desktop/AISCIA/task3/AISCIA_task3/Clean Data for Dr. Fadwa/Cocobetain 1 wt.%\CNT\0.00625\1\extracted_frames\frame_106.png
12819,Cocobetain 1 wt.%,CNT,0.00625,1,45,287.88,0.998,,,,,,,1.0,1.0,287.47,,,,,,,60.1,13.0,,C:/Users/User/Desktop/AISCIA/task3/AISCIA_task3/Clean Data for Dr. Fadwa/Cocobetain 1 wt.%\CNT\0.00625\1\extracted_frames\frame_107.png
12820,Cocobetain 1 wt.%,CNT,0.00625,1,46,292.88,0.979,,,,,,,2.0,1.0,292.47,,,,,,,60.0,13.0,,C:/Users/User/Desktop/AISCIA/task3/AISCIA_task3/Clean Data for Dr. Fadwa/Cocobetain 1 wt.%\CNT\0.00625\1\extracted_frames\frame_108.png
12821,Cocobetain 1 wt.%,CNT,0.00625,1,47,297.88,1.06,,,,,,,1.0,1.0,297.47,,,,,,,59.8,12.8,,C:/Users/User/Desktop/AISCIA/task3/AISCIA_task3/Clean Data for Dr. Fadwa/Cocobetain 1 wt.%\CNT\0.00625\1\extracted_frames\frame_109.png
12822,Cocobetain 1 wt.%,CNT,0.00625,1,48,302.88,1.064,,,,,,,1.0,1.0,302.47,,,,,,,59.3,13.0,,C:/Users/User/Desktop/AISCIA/task3/AISCIA_task3/Clean Data for Dr. Fadwa/Cocobetain 1 wt.%\CNT\0.00625\1\extracted_frames\frame_110.png
12823,Cocobetain 1 wt.%,CNT,0.00625,1,49,307.88,1.027,,,,,,,1.0,1.0,307.47,,,,,,,59.2,12.8,,C:/Users/User/Desktop/AISCIA/task3/AISCIA_task3/Clean Data for Dr. Fadwa/Cocobetain 1 wt.%\CNT\0.00625\1\extracted_frames\frame_111.png
12824,Cocobetain 1 wt.%,CNT,0.00625,1,50,312.88,1.008,,,,,,,1.0,1.0,312.47,,,,,,,58.9,12.8,,C:/Users/User/Desktop/AISCIA/task3/AISCIA_task3/Clean Data for Dr. Fadwa/Cocobetain 1 wt.%\CNT\0.00625\1\extracted_frames\frame_112.png
12825,Cocobetain 1 wt.%,CNT,0.00625,1,51,317.88,1.07,,,,,,,1.0,1.0,317.47,,,,,,,58.7,12.8,,C:/Users/User/Desktop/AISCIA/task3/AISCIA_task3/Clean Data for Dr. Fadwa/Cocobetain 1 wt.%\CNT\0.00625\1\extracted_frames\frame_113.png
12826,Cocobetain 1 wt.%,CNT,0.00625,1,52,322.88,1.055,,,,,,,1.0,1.0,322.47,,,,,,,58.5,12.8,,C:/Users/User/Desktop/AISCIA/task3/AISCIA_task3/Clean Data for Dr. Fadwa/Cocobetain 1 wt.%\CNT\0.00625\1\extracted_frames\frame_114.png
12827,Cocobetain 1 wt.%,CNT,0.00625,1,53,327.88,1.104,,,,,,,2.0,1.0,327.47,,,,,,,58.4,12.8,,C:/Users/User/Desktop/AISCIA/task3/AISCIA_task3/Clean Data for Dr. Fadwa/Cocobetain 1 wt.%\CNT\0.00625\1\extracted_frames\frame_115.png
12828,Cocobetain 1 wt.%,CNT,0.00625,1,54,332.88,1.158,,,,,,,2.0,2.0,332.47,,,,,,,58.2,12.5,,C:/Users/User/Desktop/AISCIA/task3/AISCIA_task3/Clean Data for Dr. Fadwa/Cocobetain 1 wt.%\CNT\0.00625\1\extracted_frames\frame_116.png
12829,Cocobetain 1 wt.%,CNT,0.00625,1,55,337.88,1.12,,,,,,,2.0,2.0,337.47,,,,,,,58.0,12.5,,C:/Users/User/Desktop/AISCIA/task3/AISCIA_task3/Clean Data for Dr. Fadwa/Cocobetain 1 wt.%\CNT\0.00625\1\extracted_frames\frame_117.png
12830,Cocobetain 1 wt.%,CNT,0.00625,1,56,342.89,1.09,,,,,,,2.0,2.0,342.47,,,,,,,57.8,12.2,,C:/Users/User/Desktop/AISCIA/task3/AISCIA_task3/Clean Data for Dr. Fadwa/Cocobetain 1 wt.%\CNT\0.00625\1\extracted_frames\frame_118.png
12831,Cocobetain 1 wt.%,CNT,0.00625,1,57,347.89,1.164,,,,,,,2.0,2.0,347.47,,,,,,,57.6,12.2,,C:/Users/User/Desktop/AISCIA/task3/AISCIA_task3/Clean Data for Dr. Fadwa/Cocobetain 1 wt.%\CNT\0.00625\1\extracted_frames\frame_119.png
12832,Cocobetain 1 wt.%,CNT,0.00625,1,58,352.89,1.129,,,,,,,2.0,3.0,352.47,,,,,,,57.6,12.5,,C:/Users/User/Desktop/AISCIA/task3/AISCIA_task3/Clean Data for Dr. Fadwa/Cocobetain 1 wt.%\CNT\0.00625\1\extracted_frames\frame_120.png
12833,Cocobetain 1 wt.%,CNT,0.00625,1,59,357.89,1.108,,,,,,,2.0,3.0,357.47,,,,,,,57.4,12.5,,C:/Users/User/Desktop/AISCIA/task3/AISCIA_task3/Clean Data for Dr. Fadwa/Cocobetain 1 wt.%\CNT\0.00625\1\extracted_frames\frame_121.png
12834,Cocobetain 1 wt.%,CNT,0.00625,1,60,362.89,1.127,,,,,,,2.0,3.0,362.47,,,,,,,57.3,12.5,,C:/Users/User/Desktop/AISCIA/task3/AISCIA_task3/Clean Data for Dr. Fadwa/Cocobetain 1 wt.%\CNT\0.00625\1\extracted_frames\frame_122.png
12835,Cocobetain 1 wt.%,CNT,0.00625,1,61,367.89,1.124,,,,,,,2.0,3.0,367.47,,,,,,,57.0,12.5,,C:/Users/User/Desktop/AISCIA/task3/AISCIA_task3/Clean Data for Dr. Fadwa/Cocobetain 1 wt.%\CNT\0.00625\1\extracted_frames\frame_123.png
12836,Cocobetain 1 wt.%,CNT,0.00625,1,62,372.89,1.098,,,,,,,2.0,3.0,372.47,,,,,,,56.9,12.2,,C:/Users/User/Desktop/AISCIA/task3/AISCIA_task3/Clean Data for Dr. Fadwa/Cocobetain 1 wt.%\CNT\0.00625\1\extracted_frames\frame_124.png
12837,Cocobetain 1 wt.%,CNT,0.00625,1,63,377.89,1.132,,,,,,,2.0,4.0,377.47,,,,,,,56.7,12.2,,C:/Users/User/Desktop/AISCIA/task3/AISCIA_task3/Clean Data for Dr. Fadwa/Cocobetain 1 wt.%\CNT\0.00625\1\extracted_frames\frame_125.png
12838,Cocobetain 1 wt.%,CNT,0.00625,1,64,382.89,1.093,,,,,,,2.0,3.0,382.47,,,,,,,56.5,12.2,,C:/Users/User/Desktop/AISCIA/task3/AISCIA_task3/Clean Data for Dr. Fadwa/Cocobetain 1 wt.%\CNT\0.00625\1\extracted_frames\frame_126.png
12839,Cocobetain 1 wt.%,CNT,0.00625,1,65,387.89,1.106,,,,,,,2.0,3.0,387.47,,,,,,,56.3,12.2,,C:/Users/User/Desktop/AISCIA/task3/AISCIA_task3/Clean Data for Dr. Fadwa/Cocobetain 1 wt.%\CNT\0.00625\1\extracted_frames\frame_127.png
12840,Cocobetain 1 wt.%,CNT,0.00625,1,66,392.89,1.166,,,,,,,2.0,3.0,392.47,,,,,,,56.3,12.2,,C:/Users/User/Desktop/AISCIA/task3/AISCIA_task3/Clean Data for Dr. Fadwa/Cocobetain 1 wt.%\CNT\0.00625\1\extracted_frames\frame_128.png
12841,Cocobetain 1 wt.%,CNT,0.00625,1,67,397.89,1.042,,,,,,,2.0,3.0,397.47,,,,,,,56.3,12.2,,C:/Users/User/Desktop/AISCIA/task3/AISCIA_task3/Clean Data for Dr. Fadwa/Cocobetain 1 wt.%\CNT\0.00625\1\extracted_frames\frame_129.png
12842,Cocobetain 1 wt.%,CNT,0.00625,1,68,402.89,1.04,,,,,,,2.0,3.0,402.47,,,,,,,56.1,12.2,,C:/Users/User/Desktop/AISCIA/task3/AISCIA_task3/Clean Data for Dr. Fadwa/Cocobetain 1 wt.%\CNT\0.00625\1\extracted_frames\frame_130.png
12843,Cocobetain 1 wt.%,CNT,0.00625,1,69,407.89,1.056,,,,,,,2.0,4.0,407.47,,,,,,,55.9,12.2,,C:/Users/User/Desktop/AISCIA/task3/AISCIA_task3/Clean Data for Dr. Fadwa/Cocobetain 1 wt.%\CNT\0.00625\1\extracted_frames\frame_131.png
12844,Cocobetain 1 wt.%,CNT,0.00625,1,70,412.89,1.061,,,,,,,2.0,5.0,412.47,,,,,,,56.0,12.5,,C:/Users/User/Desktop/AISCIA/task3/AISCIA_task3/Clean Data for Dr. Fadwa/Cocobetain 1 wt.%\CNT\0.00625\1\extracted_frames\frame_132.png
12845,Cocobetain 1 wt.%,CNT,0.00625,1,71,417.89,1.037,,,,,,,2.0,5.0,417.47,,,,,,,55.7,12.5,,C:/Users/User/Desktop/AISCIA/task3/AISCIA_task3/Clean Data for Dr. Fadwa/Cocobetain 1 wt.%\CNT\0.00625\1\extracted_frames\frame_133.png
12846,Cocobetain 1 wt.%,CNT,0.00625,1,72,422.89,1.262,,,,,,,2.0,3.0,422.47,,,,,,,55.7,12.8,,C:/Users/User/Desktop/AISCIA/task3/AISCIA_task3/Clean Data for Dr. Fadwa/Cocobetain 1 wt.%\CNT\0.00625\1\extracted_frames\frame_134.png
12847,Cocobetain 1 wt.%,CNT,0.00625,1,73,427.89,1.299,,,,,,,2.0,3.0,427.47,,,,,,,55.5,12.5,,C:/Users/User/Desktop/AISCIA/task3/AISCIA_task3/Clean Data for Dr. Fadwa/Cocobetain 1 wt.%\CNT\0.00625\1\extracted_frames\frame_135.png
12848,Cocobetain 1 wt.%,CNT,0.00625,1,74,432.89,1.353,,,,,,,2.0,3.0,432.47,,,,,,,55.4,12.5,,C:/Users/User/Desktop/AISCIA/task3/AISCIA_task3/Clean Data for Dr. Fadwa/Cocobetain 1 wt.%\CNT\0.00625\1\extracted_frames\frame_136.png
12849,Cocobetain 1 wt.%,CNT,0.00625,1,75,437.89,1.701,,,,,,,2.0,6.0,437.47,,,,,,,55.1,12.2,,C:/Users/User/Desktop/AISCIA/task3/AISCIA_task3/Clean Data for Dr. Fadwa/Cocobetain 1 wt.%\CNT\0.00625\1\extracted_frames\frame_137.png
12850,Cocobetain 1 wt.%,CNT,0.00625,1,76,442.89,1.675,,,,,,,3.0,6.0,442.47,,,,,,,55.0,12.0,,C:/Users/User/Desktop/AISCIA/task3/AISCIA_task3/Clean Data for Dr. Fadwa/Cocobetain 1 wt.%\CNT\0.00625\1\extracted_frames\frame_138.png
12851,Cocobetain 1 wt.%,CNT,0.00625,1,77,447.89,1.344,,,,,,,2.0,3.0,447.47,,,,,,,55.0,12.0,,C:/Users/User/Desktop/AISCIA/task3/AISCIA_task3/Clean Data for Dr. Fadwa/Cocobetain 1 wt.%\CNT\0.00625\1\extracted_frames\frame_139.png
12852,Cocobetain 1 wt.%,CNT,0.00625,1,78,452.89,1.281,,,,,,,2.0,3.0,452.47,,,,,,,54.8,12.0,,C:/Users/User/Desktop/AISCIA/task3/AISCIA_task3/Clean Data for Dr. Fadwa/Cocobetain 1 wt.%\CNT\0.00625\1\extracted_frames\frame_140.png
12853,Cocobetain 1 wt.%,CNT,0.00625,1,79,457.89,1.373,,,,,,,2.0,3.0,457.47,,,,,,,54.7,12.0,,C:/Users/User/Desktop/AISCIA/task3/AISCIA_task3/Clean Data for Dr. Fadwa/Cocobetain 1 wt.%\CNT\0.00625\1\extracted_frames\frame_141.png
12854,Cocobetain 1 wt.%,CNT,0.00625,1,80,462.89,1.416,,,,,,,2.0,3.0,462.47,,,,,,,54.6,12.0,,C:/Users/User/Desktop/AISCIA/task3/AISCIA_task3/Clean Data for Dr. Fadwa/Cocobetain 1 wt.%\CNT\0.00625\1\extracted_frames\frame_142.png
12855,Cocobetain 1 wt.%,CNT,0.00625,1,81,467.89,1.83,,,,,,,2.0,5.0,467.47,,,,,,,54.6,12.0,,C:/Users/User/Desktop/AISCIA/task3/AISCIA_task3/Clean Data for Dr. Fadwa/Cocobetain 1 wt.%\CNT\0.00625\1\extracted_frames\frame_143.png
12856,Cocobetain 1 wt.%,CNT,0.00625,1,82,472.89,1.845,,,,,,,2.0,5.0,472.47,,,,,,,54.5,12.5,,C:/Users/User/Desktop/AISCIA/task3/AISCIA_task3/Clean Data for Dr. Fadwa/Cocobetain 1 wt.%\CNT\0.00625\1\extracted_frames\frame_144.png
12857,Cocobetain 1 wt.%,CNT,0.00625,1,83,477.89,1.662,,,,,,,2.0,4.0,477.47,,,,,,,54.3,12.2,,C:/Users/User/Desktop/AISCIA/task3/AISCIA_task3/Clean Data for Dr. Fadwa/Cocobetain 1 wt.%\CNT\0.00625\1\extracted_frames\frame_145.png
12858,Cocobetain 1 wt.%,CNT,0.00625,1,84,482.89,1.713,,,,,,,2.0,5.0,482.47,,,,,,,54.3,12.2,,C:/Users/User/Desktop/AISCIA/task3/AISCIA_task3/Clean Data for Dr. Fadwa/Cocobetain 1 wt.%\CNT\0.00625\1\extracted_frames\frame_146.png
12859,Cocobetain 1 wt.%,CNT,0.00625,1,85,487.89,1.715,,,,,,,2.0,4.0,487.47,,,,,,,54.2,12.5,,C:/Users/User/Desktop/AISCIA/task3/AISCIA_task3/Clean Data for Dr. Fadwa/Cocobetain 1 wt.%\CNT\0.00625\1\extracted_frames\frame_147.png
12860,Cocobetain 1 wt.%,CNT,0.00625,1,86,492.89,1.754,,,,,,,2.0,4.0,492.47,,,,,,,54.0,12.2,,C:/Users/User/Desktop/AISCIA/task3/AISCIA_task3/Clean Data for Dr. Fadwa/Cocobetain 1 wt.%\CNT\0.00625\1\extracted_frames\frame_148.png
12861,Cocobetain 1 wt.%,CNT,0.00625,1,87,497.89,1.823,,,,,,,2.0,5.0,497.47,,,,,,,54.1,12.5,,C:/Users/User/Desktop/AISCIA/task3/AISCIA_task3/Clean Data for Dr. Fadwa/Cocobetain 1 wt.%\CNT\0.00625\1\extracted_frames\frame_149.png
12862,Cocobetain 1 wt.%,CNT,0.00625,1,88,502.89,1.862,,,,,,,2.0,5.0,502.47,,,,,,,54.0,12.5,,C:/Users/User/Desktop/AISCIA/task3/AISCIA_task3/Clean Data for Dr. Fadwa/Cocobetain 1 wt.%\CNT\0.00625\1\extracted_frames\frame_150.png
12863,Cocobetain 1 wt.%,CNT,0.00625,1,89,507.89,2.043,,,,,,,2.0,4.0,507.47,,,,,,,53.8,12.5,,C:/Users/User/Desktop/AISCIA/task3/AISCIA_task3/Clean Data for Dr. Fadwa/Cocobetain 1 wt.%\CNT\0.00625\1\extracted_frames\frame_151.png
12864,Cocobetain 1 wt.%,CNT,0.00625,1,90,512.89,2.019,,,,,,,2.0,4.0,512.47,,,,,,,53.8,12.5,,C:/Users/User/Desktop/AISCIA/task3/AISCIA_task3/Clean Data for Dr. Fadwa/Cocobetain 1 wt.%\CNT\0.00625\1\extracted_frames\frame_152.png
12865,Cocobetain 1 wt.%,CNT,0.00625,1,91,517.89,2.055,,,,,,,2.0,3.0,517.47,,,,,,,53.7,12.8,,C:/Users/User/Desktop/AISCIA/task3/AISCIA_task3/Clean Data for Dr. Fadwa/Cocobetain 1 wt.%\CNT\0.00625\1\extracted_frames\frame_153.png
12866,Cocobetain 1 wt.%,CNT,0.00625,1,92,522.89,2.089,,,,,,,2.0,3.0,522.47,,,,,,,53.5,13.0,,C:/Users/User/Desktop/AISCIA/task3/AISCIA_task3/Clean Data for Dr. Fadwa/Cocobetain 1 wt.%\CNT\0.00625\1\extracted_frames\frame_154.png
12867,Cocobetain 1 wt.%,CNT,0.00625,1,93,527.89,2.258,,,,,,,2.0,5.0,527.47,,,,,,,53.3,12.8,,C:/Users/User/Desktop/AISCIA/task3/AISCIA_task3/Clean Data for Dr. Fadwa/Cocobetain 1 wt.%\CNT\0.00625\1\extracted_frames\frame_155.png
12868,Cocobetain 1 wt.%,CNT,0.00625,1,94,532.89,2.295,,,,,,,2.0,5.0,532.47,,,,,,,53.3,12.8,,C:/Users/User/Desktop/AISCIA/task3/AISCIA_task3/Clean Data for Dr. Fadwa/Cocobetain 1 wt.%\CNT\0.00625\1\extracted_frames\frame_156.png
12869,Cocobetain 1 wt.%,CNT,0.00625,1,95,537.89,2.104,,,,,,,2.0,4.0,537.47,,,,,,,53.3,12.8,,C:/Users/User/Desktop/AISCIA/task3/AISCIA_task3/Clean Data for Dr. Fadwa/Cocobetain 1 wt.%\CNT\0.00625\1\extracted_frames\frame_157.png
12870,Cocobetain 1 wt.%,CNT,0.00625,1,96,542.89,2.142,,,,,,,2.0,4.0,542.47,,,,,,,53.1,12.5,,C:/Users/User/Desktop/AISCIA/task3/AISCIA_task3/Clean Data for Dr. Fadwa/Cocobetain 1 wt.%\CNT\0.00625\1\extracted_frames\frame_158.png
12871,Cocobetain 1 wt.%,CNT,0.00625,1,97,547.89,2.176,,,,,,,2.0,4.0,547.47,,,,,,,53.0,12.8,,C:/Users/User/Desktop/AISCIA/task3/AISCIA_task3/Clean Data for Dr. Fadwa/Cocobetain 1 wt.%\CNT\0.00625\1\extracted_frames\frame_159.png
12872,Cocobetain 1 wt.%,CNT,0.00625,1,98,552.89,2.281,,,,,,,2.0,5.0,552.47,,,,,,,52.8,12.5,,C:/Users/User/Desktop/AISCIA/task3/AISCIA_task3/Clean Data for Dr. Fadwa/Cocobetain 1 wt.%\CNT\0.00625\1\extracted_frames\frame_160.png
12873,Cocobetain 1 wt.%,CNT,0.00625,1,99,557.89,2.316,,,,,,,2.0,4.0,557.47,,,,,,,52.8,12.8,,C:/Users/User/Desktop/AISCIA/task3/AISCIA_task3/Clean Data for Dr. Fadwa/Cocobetain 1 wt.%\CNT\0.00625\1\extracted_frames\frame_161.png
12874,Cocobetain 1 wt.%,CNT,0.00625,1,100,562.89,2.454,,,,,,,2.0,5.0,562.47,,,,,,,52.8,12.5,,C:/Users/User/Desktop/AISCIA/task3/AISCIA_task3/Clean Data for Dr. Fadwa/Cocobetain 1 wt.%\CNT\0.00625\1\extracted_frames\frame_162.png
12875,Cocobetain 1 wt.%,CNT,0.00625,1,101,567.89,2.574,,,,,,,2.0,5.0,567.47,,,,,,,52.7,12.5,,C:/Users/User/Desktop/AISCIA/task3/AISCIA_task3/Clean Data for Dr. Fadwa/Cocobetain 1 wt.%\CNT\0.00625\1\extracted_frames\frame_163.png
12876,Cocobetain 1 wt.%,CNT,0.00625,1,102,572.89,2.477,,,,,,,2.0,5.0,572.47,,,,,,,52.5,12.5,,C:/Users/User/Desktop/AISCIA/task3/AISCIA_task3/Clean Data for Dr. Fadwa/Cocobetain 1 wt.%\CNT\0.00625\1\extracted_frames\frame_164.png
12877,Cocobetain 1 wt.%,CNT,0.00625,1,103,577.89,2.772,,,,,,,2.0,6.0,577.47,,,,,,,52.3,12.0,,C:/Users/User/Desktop/AISCIA/task3/AISCIA_task3/Clean Data for Dr. Fadwa/Cocobetain 1 wt.%\CNT\0.00625\1\extracted_frames\frame_165.png
12878,Cocobetain 1 wt.%,CNT,0.00625,1,104,582.89,2.846,,,,,,,2.0,6.0,582.47,,,,,,,52.4,12.0,,C:/Users/User/Desktop/AISCIA/task3/AISCIA_task3/Clean Data for Dr. Fadwa/Cocobetain 1 wt.%\CNT\0.00625\1\extracted_frames\frame_166.png
12879,Cocobetain 1 wt.%,CNT,0.00625,1,105,587.89,2.534,,,,,,,3.0,11.0,587.47,,,,,,,52.2,11.7,,C:/Users/User/Desktop/AISCIA/task3/AISCIA_task3/Clean Data for Dr. Fadwa/Cocobetain 1 wt.%\CNT\0.00625\1\extracted_frames\frame_167.png
12880,Cocobetain 1 wt.%,CNT,0.00625,1,106,592.89,2.574,,,,,,,3.0,11.0,592.47,,,,,,,52.1,11.7,,C:/Users/User/Desktop/AISCIA/task3/AISCIA_task3/Clean Data for Dr. Fadwa/Cocobetain 1 wt.%\CNT\0.00625\1\extracted_frames\frame_168.png
12881,Cocobetain 1 wt.%,CNT,0.00625,1,107,597.89,2.495,,,,,,,3.0,11.0,597.47,,,,,,,52.1,12.0,,C:/Users/User/Desktop/AISCIA/task3/AISCIA_task3/Clean Data for Dr. Fadwa/Cocobetain 1 wt.%\CNT\0.00625\1\extracted_frames\frame_169.png
12882,Cocobetain 1 wt.%,CNT,0.00625,1,108,602.89,2.529,,,,,,,3.0,10.0,602.47,,,,,,,52.0,11.7,,C:/Users/User/Desktop/AISCIA/task3/AISCIA_task3/Clean Data for Dr. Fadwa/Cocobetain 1 wt.%\CNT\0.00625\1\extracted_frames\frame_170.png
12883,Cocobetain 1 wt.%,CNT,0.00625,1,109,607.89,2.72,,,,,,,3.0,9.0,607.47,,,,,,,52.0,12.0,,C:/Users/User/Desktop/AISCIA/task3/AISCIA_task3/Clean Data for Dr. Fadwa/Cocobetain 1 wt.%\CNT\0.00625\1\extracted_frames\frame_171.png
12884,Cocobetain 1 wt.%,CNT,0.00625,1,110,612.89,2.629,,,,,,,3.0,8.0,612.47,,,,,,,51.7,11.7,,C:/Users/User/Desktop/AISCIA/task3/AISCIA_task3/Clean Data for Dr. Fadwa/Cocobetain 1 wt.%\CNT\0.00625\1\extracted_frames\frame_172.png
12885,Cocobetain 1 wt.%,CNT,0.00625,1,111,617.89,2.661,,,,,,,3.0,9.0,617.47,,,,,,,51.6,11.7,,C:/Users/User/Desktop/AISCIA/task3/AISCIA_task3/Clean Data for Dr. Fadwa/Cocobetain 1 wt.%\CNT\0.00625\1\extracted_frames\frame_173.png
12886,Cocobetain 1 wt.%,CNT,0.00625,1,112,622.89,2.57,,,,,,,3.0,8.0,622.47,,,,,,,51.5,11.7,,C:/Users/User/Desktop/AISCIA/task3/AISCIA_task3/Clean Data for Dr. Fadwa/Cocobetain 1 wt.%\CNT\0.00625\1\extracted_frames\frame_174.png
12887,Cocobetain 1 wt.%,CNT,0.00625,1,113,627.89,2.601,,,,,,,3.0,8.0,627.47,,,,,,,51.5,12.0,,C:/Users/User/Desktop/AISCIA/task3/AISCIA_task3/Clean Data for Dr. Fadwa/Cocobetain 1 wt.%\CNT\0.00625\1\extracted_frames\frame_175.png
12888,Cocobetain 1 wt.%,CNT,0.00625,1,114,632.89,2.64,,,,,,,3.0,8.0,632.47,,,,,,,51.5,12.0,,C:/Users/User/Desktop/AISCIA/task3/AISCIA_task3/Clean Data for Dr. Fadwa/Cocobetain 1 wt.%\CNT\0.00625\1\extracted_frames\frame_176.png
12889,Cocobetain 1 wt.%,CNT,0.00625,1,115,637.89,2.679,,,,,,,3.0,7.0,637.47,,,,,,,51.3,11.7,,C:/Users/User/Desktop/AISCIA/task3/AISCIA_task3/Clean Data for Dr. Fadwa/Cocobetain 1 wt.%\CNT\0.00625\1\extracted_frames\frame_177.png
12890,Cocobetain 1 wt.%,CNT,0.00625,1,116,642.89,2.706,,,,,,,3.0,7.0,642.47,,,,,,,51.3,11.7,,C:/Users/User/Desktop/AISCIA/task3/AISCIA_task3/Clean Data for Dr. Fadwa/Cocobetain 1 wt.%\CNT\0.00625\1\extracted_frames\frame_178.png
12891,Cocobetain 1 wt.%,CNT,0.00625,1,117,647.89,2.597,,,,,,,3.0,7.0,647.47,,,,,,,51.4,12.0,,C:/Users/User/Desktop/AISCIA/task3/AISCIA_task3/Clean Data for Dr. Fadwa/Cocobetain 1 wt.%\CNT\0.00625\1\extracted_frames\frame_179.png
12892,Cocobetain 1 wt.%,CNT,0.00625,1,118,652.89,2.61,,,,,,,3.0,6.0,652.47,,,,,,,51.4,12.2,,C:/Users/User/Desktop/AISCIA/task3/AISCIA_task3/Clean Data for Dr. Fadwa/Cocobetain 1 wt.%\CNT\0.00625\1\extracted_frames\frame_180.png
12893,Cocobetain 1 wt.%,CNT,0.00625,1,119,657.89,2.475,,,,,,,3.0,6.0,657.47,,,,,,,51.4,12.5,,C:/Users/User/Desktop/AISCIA/task3/AISCIA_task3/Clean Data for Dr. Fadwa/Cocobetain 1 wt.%\CNT\0.00625\1\extracted_frames\frame_181.png
12894,Cocobetain 1 wt.%,CNT,0.00625,1,120,662.89,2.489,,,,,,,3.0,6.0,662.47,,,,,,,51.2,12.2,,C:/Users/User/Desktop/AISCIA/task3/AISCIA_task3/Clean Data for Dr. Fadwa/Cocobetain 1 wt.%\CNT\0.00625\1\extracted_frames\frame_182.png
12895,Cocobetain 1 wt.%,CNT,0.00625,1,121,667.89,1.233,,,,,,,3.0,11.0,667.47,,,,,,,51.3,12.2,,C:/Users/User/Desktop/AISCIA/task3/AISCIA_task3/Clean Data for Dr. Fadwa/Cocobetain 1 wt.%\CNT\0.00625\1\extracted_frames\frame_183.png
12896,Cocobetain 1 wt.%,CNT,0.00625,1,122,672.89,1.204,,,,,,,3.0,10.0,672.47,,,,,,,51.1,12.0,,C:/Users/User/Desktop/AISCIA/task3/AISCIA_task3/Clean Data for Dr. Fadwa/Cocobetain 1 wt.%\CNT\0.00625\1\extracted_frames\frame_184.png
12897,Cocobetain 1 wt.%,CNT,0.00625,1,123,677.89,0.755,,,,,,,2.0,3.0,677.47,,,,,,,50.9,11.7,,C:/Users/User/Desktop/AISCIA/task3/AISCIA_task3/Clean Data for Dr. Fadwa/Cocobetain 1 wt.%\CNT\0.00625\1\extracted_frames\frame_185.png
12898,Cocobetain 1 wt.%,CNT,0.00625,1,124,682.89,0.833,,,,,,,2.0,3.0,682.47,,,,,,,50.8,11.7,,C:/Users/User/Desktop/AISCIA/task3/AISCIA_task3/Clean Data for Dr. Fadwa/Cocobetain 1 wt.%\CNT\0.00625\1\extracted_frames\frame_186.png
12899,Cocobetain 1 wt.%,CNT,0.00625,1,125,687.89,0.846,,,,,,,2.0,3.0,687.47,,,,,,,50.8,11.7,,C:/Users/User/Desktop/AISCIA/task3/AISCIA_task3/Clean Data for Dr. Fadwa/Cocobetain 1 wt.%\CNT\0.00625\1\extracted_frames\frame_187.png
12900,Cocobetain 1 wt.%,CNT,0.00625,1,126,692.89,0.827,,,,,,,2.0,3.0,692.47,,,,,,,50.7,11.7,,C:/Users/User/Desktop/AISCIA/task3/AISCIA_task3/Clean Data for Dr. Fadwa/Cocobetain 1 wt.%\CNT\0.00625\1\extracted_frames\frame_188.png
12901,Cocobetain 1 wt.%,CNT,0.00625,1,127,697.89,0.645,,,,,,,2.0,1.0,697.47,,,,,,,50.8,11.7,,C:/Users/User/Desktop/AISCIA/task3/AISCIA_task3/Clean Data for Dr. Fadwa/Cocobetain 1 wt.%\CNT\0.00625\1\extracted_frames\frame_189.png
12902,Cocobetain 1 wt.%,CNT,0.00625,1,128,702.89,0.686,,,,,,,2.0,1.0,702.47,,,,,,,50.6,11.7,,C:/Users/User/Desktop/AISCIA/task3/AISCIA_task3/Clean Data for Dr. Fadwa/Cocobetain 1 wt.%\CNT\0.00625\1\extracted_frames\frame_190.png
12903,Cocobetain 1 wt.%,CNT,0.00625,1,129,707.89,0.697,,,,,,,2.0,1.0,707.47,,,,,,,50.6,11.7,,C:/Users/User/Desktop/AISCIA/task3/AISCIA_task3/Clean Data for Dr. Fadwa/Cocobetain 1 wt.%\CNT\0.00625\1\extracted_frames\frame_191.png
12904,Cocobetain 1 wt.%,CNT,0.00625,1,130,712.89,0.707,,,,,,,2.0,1.0,712.47,,,,,,,50.6,12.0,,C:/Users/User/Desktop/AISCIA/task3/AISCIA_task3/Clean Data for Dr. Fadwa/Cocobetain 1 wt.%\CNT\0.00625\1\extracted_frames\frame_192.png
12905,Cocobetain 1 wt.%,CNT,0.00625,1,131,717.89,0.712,,,,,,,2.0,1.0,717.47,,,,,,,50.5,12.0,,C:/Users/User/Desktop/AISCIA/task3/AISCIA_task3/Clean Data for Dr. Fadwa/Cocobetain 1 wt.%\CNT\0.00625\1\extracted_frames\frame_193.png
12906,Cocobetain 1 wt.%,CNT,0.00625,1,132,722.89,0.716,,,,,,,2.0,1.0,722.47,,,,,,,50.5,12.0,,C:/Users/User/Desktop/AISCIA/task3/AISCIA_task3/Clean Data for Dr. Fadwa/Cocobetain 1 wt.%\CNT\0.00625\1\extracted_frames\frame_194.png
12907,Cocobetain 1 wt.%,CNT,0.00625,1,133,727.89,0.723,,,,,,,2.0,1.0,727.47,,,,,,,50.5,12.2,,C:/Users/User/Desktop/AISCIA/task3/AISCIA_task3/Clean Data for Dr. Fadwa/Cocobetain 1 wt.%\CNT\0.00625\1\extracted_frames\frame_195.png
12908,Cocobetain 1 wt.%,CNT,0.00625,1,134,732.89,0.691,,,,,,,2.0,1.0,732.47,,,,,,,50.4,12.2,,C:/Users/User/Desktop/AISCIA/task3/AISCIA_task3/Clean Data for Dr. Fadwa/Cocobetain 1 wt.%\CNT\0.00625\1\extracted_frames\frame_196.png
12909,Cocobetain 1 wt.%,CNT,0.00625,1,135,737.89,0.697,,,,,,,2.0,1.0,737.47,,,,,,,50.3,12.0,,C:/Users/User/Desktop/AISCIA/task3/AISCIA_task3/Clean Data for Dr. Fadwa/Cocobetain 1 wt.%\CNT\0.00625\1\extracted_frames\frame_197.png
12910,Cocobetain 1 wt.%,CNT,0.00625,1,136,742.89,0.699,,,,,,,2.0,1.0,742.47,,,,,,,50.3,12.0,,C:/Users/User/Desktop/AISCIA/task3/AISCIA_task3/Clean Data for Dr. Fadwa/Cocobetain 1 wt.%\CNT\0.00625\1\extracted_frames\frame_198.png
12911,Cocobetain 1 wt.%,CNT,0.00625,1,137,747.89,0.824,,,,,,,2.0,2.0,747.47,,,,,,,50.2,12.0,,C:/Users/User/Desktop/AISCIA/task3/AISCIA_task3/Clean Data for Dr. Fadwa/Cocobetain 1 wt.%\CNT\0.00625\1\extracted_frames\frame_199.png
12912,Cocobetain 1 wt.%,CNT,0.00625,1,138,752.89,0.83,,,,,,,2.0,2.0,752.47,,,,,,,50.2,12.0,,C:/Users/User/Desktop/AISCIA/task3/AISCIA_task3/Clean Data for Dr. Fadwa/Cocobetain 1 wt.%\CNT\0.00625\1\extracted_frames\frame_200.png
12913,Cocobetain 1 wt.%,CNT,0.00625,1,139,757.89,0.836,,,,,,,2.0,2.0,757.47,,,,,,,50.2,12.0,,C:/Users/User/Desktop/AISCIA/task3/AISCIA_task3/Clean Data for Dr. Fadwa/Cocobetain 1 wt.%\CNT\0.00625\1\extracted_frames\frame_201.png
12914,Cocobetain 1 wt.%,CNT,0.00625,1,140,762.89,0.843,,,,,,,2.0,2.0,762.47,,,,,,,50.1,11.7,,C:/Users/User/Desktop/AISCIA/task3/AISCIA_task3/Clean Data for Dr. Fadwa/Cocobetain 1 wt.%\CNT\0.00625\1\extracted_frames\frame_202.png
12915,Cocobetain 1 wt.%,CNT,0.00625,1,141,767.89,0.862,,,,,,,2.0,2.0,767.47,,,,,,,50.1,12.0,,C:/Users/User/Desktop/AISCIA/task3/AISCIA_task3/Clean Data for Dr. Fadwa/Cocobetain 1 wt.%\CNT\0.00625\1\extracted_frames\frame_203.png
12916,Cocobetain 1 wt.%,CNT,0.00625,1,142,772.89,0.875,,,,,,,2.0,2.0,772.47,,,,,,,50.1,12.2,,C:/Users/User/Desktop/AISCIA/task3/AISCIA_task3/Clean Data for Dr. Fadwa/Cocobetain 1 wt.%\CNT\0.00625\1\extracted_frames\frame_204.png
12917,Cocobetain 1 wt.%,CNT,0.00625,1,143,777.89,0.884,,,,,,,2.0,2.0,777.47,,,,,,,50.1,12.2,,C:/Users/User/Desktop/AISCIA/task3/AISCIA_task3/Clean Data for Dr. Fadwa/Cocobetain 1 wt.%\CNT\0.00625\1\extracted_frames\frame_205.png
12918,Cocobetain 1 wt.%,CNT,0.00625,1,144,782.89,0.891,,,,,,,2.0,2.0,782.47,,,,,,,49.9,12.2,,C:/Users/User/Desktop/AISCIA/task3/AISCIA_task3/Clean Data for Dr. Fadwa/Cocobetain 1 wt.%\CNT\0.00625\1\extracted_frames\frame_206.png
12919,Cocobetain 1 wt.%,CNT,0.00625,1,145,787.89,0.898,,,,,,,2.0,2.0,787.47,,,,,,,49.9,12.2,,C:/Users/User/Desktop/AISCIA/task3/AISCIA_task3/Clean Data for Dr. Fadwa/Cocobetain 1 wt.%\CNT\0.00625\1\extracted_frames\frame_207.png
12920,Cocobetain 1 wt.%,CNT,0.00625,1,146,792.89,0.905,,,,,,,2.0,2.0,792.47,,,,,,,50.1,12.5,,C:/Users/User/Desktop/AISCIA/task3/AISCIA_task3/Clean Data for Dr. Fadwa/Cocobetain 1 wt.%\CNT\0.00625\1\extracted_frames\frame_208.png
12921,Cocobetain 1 wt.%,CNT,0.00625,1,147,797.89,0.911,,,,,,,2.0,2.0,797.47,,,,,,,49.9,12.5,,C:/Users/User/Desktop/AISCIA/task3/AISCIA_task3/Clean Data for Dr. Fadwa/Cocobetain 1 wt.%\CNT\0.00625\1\extracted_frames\frame_209.png
12922,Cocobetain 1 wt.%,CNT,0.00625,1,148,802.89,0.918,,,,,,,2.0,2.0,802.47,,,,,,,49.9,13.0,,C:/Users/User/Desktop/AISCIA/task3/AISCIA_task3/Clean Data for Dr. Fadwa/Cocobetain 1 wt.%\CNT\0.00625\1\extracted_frames\frame_210.png
12923,Cocobetain 1 wt.%,CNT,0.00625,1,149,807.89,0.926,,,,,,,2.0,2.0,807.47,,,,,,,49.9,13.0,,C:/Users/User/Desktop/AISCIA/task3/AISCIA_task3/Clean Data for Dr. Fadwa/Cocobetain 1 wt.%\CNT\0.00625\1\extracted_frames\frame_211.png
12924,Cocobetain 1 wt.%,CNT,0.00625,1,150,812.89,0.932,,,,,,,2.0,2.0,812.47,,,,,,,49.7,12.5,,C:/Users/User/Desktop/AISCIA/task3/AISCIA_task3/Clean Data for Dr. Fadwa/Cocobetain 1 wt.%\CNT\0.00625\1\extracted_frames\frame_212.png
12925,Cocobetain 1 wt.%,CNT,0.00625,1,151,817.89,0.889,,,,,,,2.0,1.0,817.47,,,,,,,49.8,12.5,,C:/Users/User/Desktop/AISCIA/task3/AISCIA_task3/Clean Data for Dr. Fadwa/Cocobetain 1 wt.%\CNT\0.00625\1\extracted_frames\frame_213.png
12926,Cocobetain 1 wt.%,CNT,0.00625,1,152,822.89,0.895,,,,,,,2.0,1.0,822.47,,,,,,,49.6,12.8,,C:/Users/User/Desktop/AISCIA/task3/AISCIA_task3/Clean Data for Dr. Fadwa/Cocobetain 1 wt.%\CNT\0.00625\1\extracted_frames\frame_214.png
12927,Cocobetain 1 wt.%,CNT,0.00625,1,153,827.89,0.875,,,,,,,2.0,2.0,827.47,,,,,,,49.6,12.5,,C:/Users/User/Desktop/AISCIA/task3/AISCIA_task3/Clean Data for Dr. Fadwa/Cocobetain 1 wt.%\CNT\0.00625\1\extracted_frames\frame_215.png
12928,Cocobetain 1 wt.%,CNT,0.00625,1,154,832.89,0.875,,,,,,,2.0,2.0,832.47,,,,,,,49.5,12.5,,C:/Users/User/Desktop/AISCIA/task3/AISCIA_task3/Clean Data for Dr. Fadwa/Cocobetain 1 wt.%\CNT\0.00625\1\extracted_frames\frame_216.png
12929,Cocobetain 1 wt.%,CNT,0.00625,1,155,837.89,0.836,,,,,,,2.0,1.0,837.47,,,,,,,49.5,12.5,,C:/Users/User/Desktop/AISCIA/task3/AISCIA_task3/Clean Data for Dr. Fadwa/Cocobetain 1 wt.%\CNT\0.00625\1\extracted_frames\frame_217.png
12930,Cocobetain 1 wt.%,CNT,0.00625,1,156,842.89,0.842,,,,,,,2.0,1.0,842.47,,,,,,,49.3,12.2,,C:/Users/User/Desktop/AISCIA/task3/AISCIA_task3/Clean Data for Dr. Fadwa/Cocobetain 1 wt.%\CNT\0.00625\1\extracted_frames\frame_218.png
12931,Cocobetain 1 wt.%,CNT,0.00625,1,157,847.89,0.847,,,,,,,2.0,1.0,847.47,,,,,,,49.2,12.2,,C:/Users/User/Desktop/AISCIA/task3/AISCIA_task3/Clean Data for Dr. Fadwa/Cocobetain 1 wt.%\CNT\0.00625\1\extracted_frames\frame_219.png
12932,Cocobetain 1 wt.%,CNT,0.00625,1,158,852.89,0.855,,,,,,,2.0,1.0,852.47,,,,,,,49.2,12.0,,C:/Users/User/Desktop/AISCIA/task3/AISCIA_task3/Clean Data for Dr. Fadwa/Cocobetain 1 wt.%\CNT\0.00625\1\extracted_frames\frame_220.png
12933,Cocobetain 1 wt.%,CNT,0.00625,1,159,857.89,0.859,,,,,,,2.0,1.0,857.47,,,,,,,49.1,12.0,,C:/Users/User/Desktop/AISCIA/task3/AISCIA_task3/Clean Data for Dr. Fadwa/Cocobetain 1 wt.%\CNT\0.00625\1\extracted_frames\frame_221.png
12934,Cocobetain 1 wt.%,CNT,0.00625,1,160,862.89,0.862,,,,,,,2.0,1.0,862.47,,,,,,,49.1,12.2,,C:/Users/User/Desktop/AISCIA/task3/AISCIA_task3/Clean Data for Dr. Fadwa/Cocobetain 1 wt.%\CNT\0.00625\1\extracted_frames\frame_222.png
12935,Cocobetain 1 wt.%,CNT,0.00625,1,161,867.89,0.869,,,,,,,2.0,1.0,867.47,,,,,,,49.0,12.2,,C:/Users/User/Desktop/AISCIA/task3/AISCIA_task3/Clean Data for Dr. Fadwa/Cocobetain 1 wt.%\CNT\0.00625\1\extracted_frames\frame_223.png
12936,Cocobetain 1 wt.%,CNT,0.00625,1,162,872.89,0.872,,,,,,,2.0,1.0,872.47,,,,,,,49.0,12.5,,C:/Users/User/Desktop/AISCIA/task3/AISCIA_task3/Clean Data for Dr. Fadwa/Cocobetain 1 wt.%\CNT\0.00625\1\extracted_frames\frame_224.png
12937,Cocobetain 1 wt.%,CNT,0.00625,1,163,877.89,0.891,,,,,,,2.0,1.0,877.47,,,,,,,49.1,12.5,,C:/Users/User/Desktop/AISCIA/task3/AISCIA_task3/Clean Data for Dr. Fadwa/Cocobetain 1 wt.%\CNT\0.00625\1\extracted_frames\frame_225.png
12938,Cocobetain 1 wt.%,CNT,0.00625,1,164,882.89,0.902,,,,,,,2.0,1.0,882.47,,,,,,,48.9,12.8,,C:/Users/User/Desktop/AISCIA/task3/AISCIA_task3/Clean Data for Dr. Fadwa/Cocobetain 1 wt.%\CNT\0.00625\1\extracted_frames\frame_226.png
12939,Cocobetain 1 wt.%,CNT,0.00625,1,165,887.89,0.904,,,,,,,2.0,1.0,887.47,,,,,,,48.9,12.5,,C:/Users/User/Desktop/AISCIA/task3/AISCIA_task3/Clean Data for Dr. Fadwa/Cocobetain 1 wt.%\CNT\0.00625\1\extracted_frames\frame_227.png
12940,Cocobetain 1 wt.%,CNT,0.00625,1,166,892.89,0.855,,,,,,,2.0,1.0,892.47,,,,,,,48.8,12.2,,C:/Users/User/Desktop/AISCIA/task3/AISCIA_task3/Clean Data for Dr. Fadwa/Cocobetain 1 wt.%\CNT\0.00625\1\extracted_frames\frame_228.png
12941,Cocobetain 1 wt.%,CNT,0.00625,1,167,897.89,0.858,,,,,,,2.0,1.0,897.47,,,,,,,48.9,12.5,,C:/Users/User/Desktop/AISCIA/task3/AISCIA_task3/Clean Data for Dr. Fadwa/Cocobetain 1 wt.%\CNT\0.00625\1\extracted_frames\frame_229.png
12942,Cocobetain 1 wt.%,CNT,0.00625,1,168,902.89,0.861,,,,,,,2.0,1.0,902.47,,,,,,,48.9,12.8,,C:/Users/User/Desktop/AISCIA/task3/AISCIA_task3/Clean Data for Dr. Fadwa/Cocobetain 1 wt.%\CNT\0.00625\1\extracted_frames\frame_230.png
12943,Cocobetain 1 wt.%,CNT,0.00625,1,169,907.89,0.864,,,,,,,2.0,1.0,907.47,,,,,,,48.9,13.0,,C:/Users/User/Desktop/AISCIA/task3/AISCIA_task3/Clean Data for Dr. Fadwa/Cocobetain 1 wt.%\CNT\0.00625\1\extracted_frames\frame_231.png
12944,Cocobetain 1 wt.%,CNT,0.00625,1,170,912.89,0.869,,,,,,,2.0,1.0,912.47,,,,,,,48.9,12.8,,C:/Users/User/Desktop/AISCIA/task3/AISCIA_task3/Clean Data for Dr. Fadwa/Cocobetain 1 wt.%\CNT\0.00625\1\extracted_frames\frame_232.png
12945,Cocobetain 1 wt.%,CNT,0.00625,1,171,917.89,0.879,,,,,,,2.0,1.0,917.47,,,,,,,48.7,13.0,,C:/Users/User/Desktop/AISCIA/task3/AISCIA_task3/Clean Data for Dr. Fadwa/Cocobetain 1 wt.%\CNT\0.00625\1\extracted_frames\frame_233.png
12946,Cocobetain 1 wt.%,CNT,0.00625,1,172,922.89,0.931,,,,,,,2.0,1.0,922.47,,,,,,,48.6,12.8,,C:/Users/User/Desktop/AISCIA/task3/AISCIA_task3/Clean Data for Dr. Fadwa/Cocobetain 1 wt.%\CNT\0.00625\1\extracted_frames\frame_234.png
12947,Cocobetain 1 wt.%,CNT,0.00625,1,173,927.89,0.938,,,,,,,2.0,1.0,927.47,,,,,,,48.6,13.0,,C:/Users/User/Desktop/AISCIA/task3/AISCIA_task3/Clean Data for Dr. Fadwa/Cocobetain 1 wt.%\CNT\0.00625\1\extracted_frames\frame_235.png
12948,Cocobetain 1 wt.%,CNT,0.00625,1,174,932.89,1.008,,,,,,,2.0,2.0,932.47,,,,,,,48.6,13.3,,C:/Users/User/Desktop/AISCIA/task3/AISCIA_task3/Clean Data for Dr. Fadwa/Cocobetain 1 wt.%\CNT\0.00625\1\extracted_frames\frame_236.png
12949,Cocobetain 1 wt.%,CNT,0.00625,1,175,937.89,1.067,,,,,,,2.0,2.0,937.47,,,,,,,48.6,13.0,,C:/Users/User/Desktop/AISCIA/task3/AISCIA_task3/Clean Data for Dr. Fadwa/Cocobetain 1 wt.%\CNT\0.00625\1\extracted_frames\frame_237.png
12950,Cocobetain 1 wt.%,CNT,0.00625,1,176,942.89,1.091,,,,,,,2.0,2.0,942.47,,,,,,,48.5,12.8,,C:/Users/User/Desktop/AISCIA/task3/AISCIA_task3/Clean Data for Dr. Fadwa/Cocobetain 1 wt.%\CNT\0.00625\1\extracted_frames\frame_238.png
12951,Cocobetain 1 wt.%,CNT,0.00625,1,177,947.89,1.094,,,,,,,2.0,3.0,947.47,,,,,,,48.2,12.8,,C:/Users/User/Desktop/AISCIA/task3/AISCIA_task3/Clean Data for Dr. Fadwa/Cocobetain 1 wt.%\CNT\0.00625\1\extracted_frames\frame_239.png
12952,Cocobetain 1 wt.%,CNT,0.00625,1,178,952.89,1.075,,,,,,,2.0,2.0,952.47,,,,,,,48.3,13.0,,C:/Users/User/Desktop/AISCIA/task3/AISCIA_task3/Clean Data for Dr. Fadwa/Cocobetain 1 wt.%\CNT\0.00625\1\extracted_frames\frame_240.png
12953,Cocobetain 1 wt.%,CNT,0.00625,1,179,957.89,1.077,,,,,,,2.0,2.0,957.47,,,,,,,48.2,13.0,,C:/Users/User/Desktop/AISCIA/task3/AISCIA_task3/Clean Data for Dr. Fadwa/Cocobetain 1 wt.%\CNT\0.00625\1\extracted_frames\frame_241.png
12954,Cocobetain 1 wt.%,CNT,0.00625,1,180,962.89,1.076,,,,,,,2.0,2.0,962.47,,,,,,,48.2,13.0,,C:/Users/User/Desktop/AISCIA/task3/AISCIA_task3/Clean Data for Dr. Fadwa/Cocobetain 1 wt.%\CNT\0.00625\1\extracted_frames\frame_242.png
12955,Cocobetain 1 wt.%,CNT,0.00625,1,181,967.89,1.078,,,,,,,2.0,2.0,967.47,,,,,,,47.7,13.0,,C:/Users/User/Desktop/AISCIA/task3/AISCIA_task3/Clean Data for Dr. Fadwa/Cocobetain 1 wt.%\CNT\0.00625\1\extracted_frames\frame_243.png
12956,Cocobetain 1 wt.%,CNT,0.00625,1,182,972.89,1.079,,,,,,,2.0,2.0,972.47,,,,,,,47.8,13.0,,C:/Users/User/Desktop/AISCIA/task3/AISCIA_task3/Clean Data for Dr. Fadwa/Cocobetain 1 wt.%\CNT\0.00625\1\extracted_frames\frame_244.png
12957,Cocobetain 1 wt.%,CNT,0.00625,1,183,977.89,1.082,,,,,,,2.0,2.0,977.47,,,,,,,47.6,13.0,,C:/Users/User/Desktop/AISCIA/task3/AISCIA_task3/Clean Data for Dr. Fadwa/Cocobetain 1 wt.%\CNT\0.00625\1\extracted_frames\frame_245.png
12958,Cocobetain 1 wt.%,CNT,0.00625,1,184,982.89,1.084,,,,,,,2.0,2.0,982.47,,,,,,,47.4,13.0,,C:/Users/User/Desktop/AISCIA/task3/AISCIA_task3/Clean Data for Dr. Fadwa/Cocobetain 1 wt.%\CNT\0.00625\1\extracted_frames\frame_246.png
12959,Cocobetain 1 wt.%,CNT,0.00625,1,185,987.89,1.077,,,,,,,2.0,2.0,987.47,,,,,,,47.5,13.3,,C:/Users/User/Desktop/AISCIA/task3/AISCIA_task3/Clean Data for Dr. Fadwa/Cocobetain 1 wt.%\CNT\0.00625\1\extracted_frames\frame_247.png
12960,Cocobetain 1 wt.%,CNT,0.00625,1,186,992.89,1.024,,,,,,,2.0,2.0,992.47,,,,,,,47.4,13.0,,C:/Users/User/Desktop/AISCIA/task3/AISCIA_task3/Clean Data for Dr. Fadwa/Cocobetain 1 wt.%\CNT\0.00625\1\extracted_frames\frame_248.png
12961,Cocobetain 1 wt.%,CNT,0.00625,1,187,997.89,0.968,,,,,,,2.0,2.0,997.47,,,,,,,47.3,13.3,,C:/Users/User/Desktop/AISCIA/task3/AISCIA_task3/Clean Data for Dr. Fadwa/Cocobetain 1 wt.%\CNT\0.00625\1\extracted_frames\frame_249.png
12962,Cocobetain 1 wt.%,CNT,0.00625,1,188,1002.89,1.012,,,,,,,2.0,2.0,1002.47,,,,,,,47.3,13.3,,C:/Users/User/Desktop/AISCIA/task3/AISCIA_task3/Clean Data for Dr. Fadwa/Cocobetain 1 wt.%\CNT\0.00625\1\extracted_frames\frame_250.png
12963,Cocobetain 1 wt.%,CNT,0.00625,1,189,1007.89,0.962,,,,,,,2.0,2.0,1007.47,,,,,,,47.3,13.3,,C:/Users/User/Desktop/AISCIA/task3/AISCIA_task3/Clean Data for Dr. Fadwa/Cocobetain 1 wt.%\CNT\0.00625\1\extracted_frames\frame_251.png
12964,Cocobetain 1 wt.%,CNT,0.00625,1,190,1012.89,0.964,,,,,,,2.0,2.0,1012.47,,,,,,,47.2,13.3,,C:/Users/User/Desktop/AISCIA/task3/AISCIA_task3/Clean Data for Dr. Fadwa/Cocobetain 1 wt.%\CNT\0.00625\1\extracted_frames\frame_252.png
12965,Cocobetain 1 wt.%,CNT,0.00625,1,191,1017.89,0.966,,,,,,,2.0,2.0,1017.47,,,,,,,47.2,13.3,,C:/Users/User/Desktop/AISCIA/task3/AISCIA_task3/Clean Data for Dr. Fadwa/Cocobetain 1 wt.%\CNT\0.00625\1\extracted_frames\frame_253.png
12966,Cocobetain 1 wt.%,CNT,0.00625,1,192,1022.89,0.969,,,,,,,2.0,2.0,1022.47,,,,,,,46.9,12.5,,C:/Users/User/Desktop/AISCIA/task3/AISCIA_task3/Clean Data for Dr. Fadwa/Cocobetain 1 wt.%\CNT\0.00625\1\extracted_frames\frame_254.png
12967,Cocobetain 1 wt.%,CNT,0.00625,1,193,1027.89,0.971,,,,,,,2.0,2.0,1027.47,,,,,,,46.8,12.2,,C:/Users/User/Desktop/AISCIA/task3/AISCIA_task3/Clean Data for Dr. Fadwa/Cocobetain 1 wt.%\CNT\0.00625\1\extracted_frames\frame_255.png
12968,Cocobetain 1 wt.%,CNT,0.00625,1,194,1032.89,0.852,,,,,,,1.0,0.0,1032.47,,,,,,,47.2,13.6,,C:/Users/User/Desktop/AISCIA/task3/AISCIA_task3/Clean Data for Dr. Fadwa/Cocobetain 1 wt.%\CNT\0.00625\1\extracted_frames\frame_256.png
12969,Cocobetain 1 wt.%,CNT,0.00625,1,195,1037.89,0.861,,,,,,,1.0,1.0,1037.47,,,,,,,47.1,13.6,,C:/Users/User/Desktop/AISCIA/task3/AISCIA_task3/Clean Data for Dr. Fadwa/Cocobetain 1 wt.%\CNT\0.00625\1\extracted_frames\frame_257.png
12970,Cocobetain 1 wt.%,CNT,0.00625,1,196,1042.89,0.903,,,,,,,2.0,1.0,1042.47,,,,,,,47.3,13.3,,C:/Users/User/Desktop/AISCIA/task3/AISCIA_task3/Clean Data for Dr. Fadwa/Cocobetain 1 wt.%\CNT\0.00625\1\extracted_frames\frame_258.png
12971,Cocobetain 1 wt.%,CNT,0.00625,1,197,1047.89,1.189,,,,,,,2.0,3.0,1047.47,,,,,,,47.1,13.6,,C:/Users/User/Desktop/AISCIA/task3/AISCIA_task3/Clean Data for Dr. Fadwa/Cocobetain 1 wt.%\CNT\0.00625\1\extracted_frames\frame_259.png
12972,Cocobetain 1 wt.%,CNT,0.00625,1,198,1052.89,1.196,,,,,,,2.0,3.0,1052.47,,,,,,,46.2,9.6,,C:/Users/User/Desktop/AISCIA/task3/AISCIA_task3/Clean Data for Dr. Fadwa/Cocobetain 1 wt.%\CNT\0.00625\1\extracted_frames\frame_260.png
12973,Cocobetain 1 wt.%,CNT,0.00625,1,199,1057.89,1.168,,,,,,,2.0,3.0,1057.47,,,,,,,46.2,9.3,,C:/Users/User/Desktop/AISCIA/task3/AISCIA_task3/Clean Data for Dr. Fadwa/Cocobetain 1 wt.%\CNT\0.00625\1\extracted_frames\frame_261.png
12974,Cocobetain 1 wt.%,CNT,0.00625,1,200,1062.89,1.189,,,,,,,2.0,3.0,1062.47,,,,,,,46.0,9.0,,C:/Users/User/Desktop/AISCIA/task3/AISCIA_task3/Clean Data for Dr. Fadwa/Cocobetain 1 wt.%\CNT\0.00625\1\extracted_frames\frame_262.png
12975,Cocobetain 1 wt.%,CNT,0.00625,1,201,1067.89,1.192,,,,,,,2.0,3.0,1067.47,,,,,,,45.7,8.5,,C:/Users/User/Desktop/AISCIA/task3/AISCIA_task3/Clean Data for Dr. Fadwa/Cocobetain 1 wt.%\CNT\0.00625\1\extracted_frames\frame_263.png
12976,Cocobetain 1 wt.%,CNT,0.00625,1,202,1072.89,1.199,,,,,,,2.0,3.0,1072.47,,,,,,,45.7,7.7,,C:/Users/User/Desktop/AISCIA/task3/AISCIA_task3/Clean Data for Dr. Fadwa/Cocobetain 1 wt.%\CNT\0.00625\1\extracted_frames\frame_264.png
12977,Cocobetain 1 wt.%,CNT,0.00625,1,203,1077.9,1.205,,,,,,,2.0,3.0,1077.47,,,,,,,45.4,7.7,,C:/Users/User/Desktop/AISCIA/task3/AISCIA_task3/Clean Data for Dr. Fadwa/Cocobetain 1 wt.%\CNT\0.00625\1\extracted_frames\frame_265.png
12978,Cocobetain 1 wt.%,CNT,0.00625,1,204,1082.9,1.214,,,,,,,2.0,3.0,1082.47,,,,,,,45.6,7.7,,C:/Users/User/Desktop/AISCIA/task3/AISCIA_task3/Clean Data for Dr. Fadwa/Cocobetain 1 wt.%\CNT\0.00625\1\extracted_frames\frame_266.png
12979,Cocobetain 1 wt.%,CNT,0.00625,1,205,1087.9,1.232,,,,,,,2.0,3.0,1087.47,,,,,,,45.8,8.2,,C:/Users/User/Desktop/AISCIA/task3/AISCIA_task3/Clean Data for Dr. Fadwa/Cocobetain 1 wt.%\CNT\0.00625\1\extracted_frames\frame_267.png
12980,Cocobetain 1 wt.%,CNT,0.00625,1,206,1092.9,1.238,,,,,,,2.0,3.0,1092.47,,,,,,,45.7,9.0,,C:/Users/User/Desktop/AISCIA/task3/AISCIA_task3/Clean Data for Dr. Fadwa/Cocobetain 1 wt.%\CNT\0.00625\1\extracted_frames\frame_268.png
12981,Cocobetain 1 wt.%,CNT,0.00625,1,207,1097.9,1.243,,,,,,,2.0,3.0,1097.47,,,,,,,46.7,13.6,,C:/Users/User/Desktop/AISCIA/task3/AISCIA_task3/Clean Data for Dr. Fadwa/Cocobetain 1 wt.%\CNT\0.00625\1\extracted_frames\frame_269.png
12982,Cocobetain 1 wt.%,CNT,0.00625,1,208,1102.9,1.249,,,,,,,2.0,3.0,1102.47,,,,,,,46.6,13.3,,C:/Users/User/Desktop/AISCIA/task3/AISCIA_task3/Clean Data for Dr. Fadwa/Cocobetain 1 wt.%\CNT\0.00625\1\extracted_frames\frame_270.png
12983,Cocobetain 1 wt.%,CNT,0.00625,1,209,1107.9,1.258,,,,,,,2.0,3.0,1107.47,,,,,,,46.6,13.3,,C:/Users/User/Desktop/AISCIA/task3/AISCIA_task3/Clean Data for Dr. Fadwa/Cocobetain 1 wt.%\CNT\0.00625\1\extracted_frames\frame_271.png
12984,Cocobetain 1 wt.%,CNT,0.00625,1,210,1112.9,1.266,,,,,,,2.0,3.0,1112.47,,,,,,,46.6,13.3,,C:/Users/User/Desktop/AISCIA/task3/AISCIA_task3/Clean Data for Dr. Fadwa/Cocobetain 1 wt.%\CNT\0.00625\1\extracted_frames\frame_272.png
12985,Cocobetain 1 wt.%,CNT,0.00625,1,211,1117.9,1.275,,,,,,,2.0,3.0,1117.47,,,,,,,46.7,13.6,,C:/Users/User/Desktop/AISCIA/task3/AISCIA_task3/Clean Data for Dr. Fadwa/Cocobetain 1 wt.%\CNT\0.00625\1\extracted_frames\frame_273.png
12986,Cocobetain 1 wt.%,CNT,0.00625,1,212,1122.9,1.278,,,,,,,2.0,3.0,1122.47,,,,,,,46.7,13.6,,C:/Users/User/Desktop/AISCIA/task3/AISCIA_task3/Clean Data for Dr. Fadwa/Cocobetain 1 wt.%\CNT\0.00625\1\extracted_frames\frame_274.png
12987,Cocobetain 1 wt.%,CNT,0.00625,1,213,1127.9,1.28,,,,,,,2.0,3.0,1127.47,,,,,,,46.6,13.6,,C:/Users/User/Desktop/AISCIA/task3/AISCIA_task3/Clean Data for Dr. Fadwa/Cocobetain 1 wt.%\CNT\0.00625\1\extracted_frames\frame_275.png
12988,Cocobetain 1 wt.%,CNT,0.00625,1,214,1132.9,1.268,,,,,,,2.0,3.0,1132.47,,,,,,,46.5,13.3,,C:/Users/User/Desktop/AISCIA/task3/AISCIA_task3/Clean Data for Dr. Fadwa/Cocobetain 1 wt.%\CNT\0.00625\1\extracted_frames\frame_276.png
12989,Cocobetain 1 wt.%,CNT,0.00625,1,215,1137.9,1.271,,,,,,,2.0,3.0,1137.47,,,,,,,46.2,13.3,,C:/Users/User/Desktop/AISCIA/task3/AISCIA_task3/Clean Data for Dr. Fadwa/Cocobetain 1 wt.%\CNT\0.00625\1\extracted_frames\frame_277.png
12990,Cocobetain 1 wt.%,CNT,0.00625,1,216,1142.9,1.275,,,,,,,2.0,3.0,1142.47,,,,,,,46.0,13.0,,C:/Users/User/Desktop/AISCIA/task3/AISCIA_task3/Clean Data for Dr. Fadwa/Cocobetain 1 wt.%\CNT\0.00625\1\extracted_frames\frame_278.png
12991,Cocobetain 1 wt.%,CNT,0.00625,1,217,1147.9,1.279,,,,,,,2.0,3.0,1147.47,,,,,,,45.9,13.3,,C:/Users/User/Desktop/AISCIA/task3/AISCIA_task3/Clean Data for Dr. Fadwa/Cocobetain 1 wt.%\CNT\0.00625\1\extracted_frames\frame_279.png
12992,Cocobetain 1 wt.%,CNT,0.00625,1,218,1152.9,1.283,,,,,,,2.0,3.0,1152.47,,,,,,,45.9,13.3,,C:/Users/User/Desktop/AISCIA/task3/AISCIA_task3/Clean Data for Dr. Fadwa/Cocobetain 1 wt.%\CNT\0.00625\1\extracted_frames\frame_280.png
12993,Cocobetain 1 wt.%,CNT,0.00625,1,219,1157.9,1.224,,,,,,,2.0,3.0,1157.47,,,,,,,45.7,13.0,,C:/Users/User/Desktop/AISCIA/task3/AISCIA_task3/Clean Data for Dr. Fadwa/Cocobetain 1 wt.%\CNT\0.00625\1\extracted_frames\frame_281.png
12994,Cocobetain 1 wt.%,CNT,0.00625,1,220,1162.9,1.226,,,,,,,2.0,3.0,1162.47,,,,,,,45.7,13.0,,C:/Users/User/Desktop/AISCIA/task3/AISCIA_task3/Clean Data for Dr. Fadwa/Cocobetain 1 wt.%\CNT\0.00625\1\extracted_frames\frame_282.png
12995,Cocobetain 1 wt.%,CNT,0.00625,1,221,1167.9,1.154,,,,,,,2.0,2.0,1167.47,,,,,,,45.8,13.3,,C:/Users/User/Desktop/AISCIA/task3/AISCIA_task3/Clean Data for Dr. Fadwa/Cocobetain 1 wt.%\CNT\0.00625\1\extracted_frames\frame_283.png
12996,Cocobetain 1 wt.%,CNT,0.00625,1,222,1172.9,1.154,,,,,,,2.0,2.0,1172.47,,,,,,,45.7,13.0,,C:/Users/User/Desktop/AISCIA/task3/AISCIA_task3/Clean Data for Dr. Fadwa/Cocobetain 1 wt.%\CNT\0.00625\1\extracted_frames\frame_284.png
12997,Cocobetain 1 wt.%,CNT,0.00625,1,223,1177.9,0.811,,,,,,,2.0,3.0,1177.47,,,,,,,45.7,13.3,,C:/Users/User/Desktop/AISCIA/task3/AISCIA_task3/Clean Data for Dr. Fadwa/Cocobetain 1 wt.%\CNT\0.00625\1\extracted_frames\frame_285.png
12998,Cocobetain 1 wt.%,CNT,0.00625,1,224,1182.9,0.816,,,,,,,2.0,3.0,1182.47,,,,,,,45.7,12.8,,C:/Users/User/Desktop/AISCIA/task3/AISCIA_task3/Clean Data for Dr. Fadwa/Cocobetain 1 wt.%\CNT\0.00625\1\extracted_frames\frame_286.png
12999,Cocobetain 1 wt.%,CNT,0.00625,1,225,1187.9,0.821,,,,,,,2.0,3.0,1187.47,,,,,,,45.6,12.5,,C:/Users/User/Desktop/AISCIA/task3/AISCIA_task3/Clean Data for Dr. Fadwa/Cocobetain 1 wt.%\CNT\0.00625\1\extracted_frames\frame_287.png
13000,Cocobetain 1 wt.%,CNT,0.00625,1,226,1192.9,0.821,,,,,,,2.0,3.0,1192.47,,,,,,,45.7,12.2,,C:/Users/User/Desktop/AISCIA/task3/AISCIA_task3/Clean Data for Dr. Fadwa/Cocobetain 1 wt.%\CNT\0.00625\1\extracted_frames\frame_288.png
13001,Cocobetain 1 wt.%,CNT,0.00625,1,227,1197.9,0.822,,,,,,,2.0,2.0,1197.47,,,,,,,45.6,12.0,,C:/Users/User/Desktop/AISCIA/task3/AISCIA_task3/Clean Data for Dr. Fadwa/Cocobetain 1 wt.%\CNT\0.00625\1\extracted_frames\frame_289.png
13002,Cocobetain 1 wt.%,CNT,0.00625,1,228,1202.9,0.825,,,,,,,2.0,2.0,1202.47,,,,,,,45.5,12.0,,C:/Users/User/Desktop/AISCIA/task3/AISCIA_task3/Clean Data for Dr. Fadwa/Cocobetain 1 wt.%\CNT\0.00625\1\extracted_frames\frame_290.png
13003,Cocobetain 1 wt.%,CNT,0.00625,1,229,1207.9,0.828,,,,,,,2.0,2.0,1207.47,,,,,,,45.4,12.0,,C:/Users/User/Desktop/AISCIA/task3/AISCIA_task3/Clean Data for Dr. Fadwa/Cocobetain 1 wt.%\CNT\0.00625\1\extracted_frames\frame_291.png
13004,Cocobetain 1 wt.%,CNT,0.00625,1,230,1212.9,0.83,,,,,,,2.0,2.0,1212.47,,,,,,,45.5,12.0,,C:/Users/User/Desktop/AISCIA/task3/AISCIA_task3/Clean Data for Dr. Fadwa/Cocobetain 1 wt.%\CNT\0.00625\1\extracted_frames\frame_292.png
13005,Cocobetain 1 wt.%,CNT,0.00625,1,231,1217.9,0.789,,,,,,,2.0,2.0,1217.47,,,,,,,45.5,12.2,,C:/Users/User/Desktop/AISCIA/task3/AISCIA_task3/Clean Data for Dr. Fadwa/Cocobetain 1 wt.%\CNT\0.00625\1\extracted_frames\frame_293.png
13006,Cocobetain 1 wt.%,CNT,0.00625,1,232,1222.9,0.792,,,,,,,2.0,2.0,1222.47,,,,,,,45.0,12.5,,C:/Users/User/Desktop/AISCIA/task3/AISCIA_task3/Clean Data for Dr. Fadwa/Cocobetain 1 wt.%\CNT\0.00625\1\extracted_frames\frame_294.png
13007,Cocobetain 1 wt.%,CNT,0.00625,1,233,1227.9,0.781,,,,,,,2.0,2.0,1227.47,,,,,,,45.3,12.5,,C:/Users/User/Desktop/AISCIA/task3/AISCIA_task3/Clean Data for Dr. Fadwa/Cocobetain 1 wt.%\CNT\0.00625\1\extracted_frames\frame_295.png
13008,Cocobetain 1 wt.%,CNT,0.00625,1,234,1232.9,0.784,,,,,,,2.0,2.0,1232.47,,,,,,,45.5,12.2,,C:/Users/User/Desktop/AISCIA/task3/AISCIA_task3/Clean Data for Dr. Fadwa/Cocobetain 1 wt.%\CNT\0.00625\1\extracted_frames\frame_296.png
13009,Cocobetain 1 wt.%,CNT,0.00625,1,235,1237.9,0.794,,,,,,,2.0,1.0,1237.47,,,,,,,45.3,12.5,,C:/Users/User/Desktop/AISCIA/task3/AISCIA_task3/Clean Data for Dr. Fadwa/Cocobetain 1 wt.%\CNT\0.00625\1\extracted_frames\frame_297.png
13010,Cocobetain 1 wt.%,CNT,0.00625,1,236,1242.9,0.754,,,,,,,2.0,1.0,1242.47,,,,,,,45.5,12.2,,C:/Users/User/Desktop/AISCIA/task3/AISCIA_task3/Clean Data for Dr. Fadwa/Cocobetain 1 wt.%\CNT\0.00625\1\extracted_frames\frame_298.png
13011,Cocobetain 1 wt.%,CNT,0.00625,1,237,1247.9,0.756,,,,,,,1.0,1.0,1247.47,,,,,,,45.3,12.5,,C:/Users/User/Desktop/AISCIA/task3/AISCIA_task3/Clean Data for Dr. Fadwa/Cocobetain 1 wt.%\CNT\0.00625\1\extracted_frames\frame_299.png
13012,Cocobetain 1 wt.%,CNT,0.00625,1,238,1252.9,0.758,,,,,,,1.0,1.0,1252.47,,,,,,,45.1,12.2,,C:/Users/User/Desktop/AISCIA/task3/AISCIA_task3/Clean Data for Dr. Fadwa/Cocobetain 1 wt.%\CNT\0.00625\1\extracted_frames\frame_300.png
13013,Cocobetain 1 wt.%,CNT,0.00625,1,239,1257.9,0.761,,,,,,,1.0,1.0,1257.47,,,,,,,44.7,12.2,,C:/Users/User/Desktop/AISCIA/task3/AISCIA_task3/Clean Data for Dr. Fadwa/Cocobetain 1 wt.%\CNT\0.00625\1\extracted_frames\frame_301.png
13014,Cocobetain 1 wt.%,CNT,0.00625,1,240,1262.9,0.797,,,,,,,2.0,1.0,1262.47,,,,,,,44.7,12.2,,C:/Users/User/Desktop/AISCIA/task3/AISCIA_task3/Clean Data for Dr. Fadwa/Cocobetain 1 wt.%\CNT\0.00625\1\extracted_frames\frame_302.png
13015,Cocobetain 1 wt.%,CNT,0.00625,1,241,1267.9,0.799,,,,,,,2.0,1.0,1267.47,,,,,,,44.6,12.2,,C:/Users/User/Desktop/AISCIA/task3/AISCIA_task3/Clean Data for Dr. Fadwa/Cocobetain 1 wt.%\CNT\0.00625\1\extracted_frames\frame_303.png
13016,Cocobetain 1 wt.%,CNT,0.00625,1,242,1272.9,0.785,,,,,,,1.0,1.0,1272.47,,,,,,,44.3,12.2,,C:/Users/User/Desktop/AISCIA/task3/AISCIA_task3/Clean Data for Dr. Fadwa/Cocobetain 1 wt.%\CNT\0.00625\1\extracted_frames\frame_304.png
13017,Cocobetain 1 wt.%,CNT,0.00625,1,243,1277.9,0.762,,,,,,,1.0,1.0,1277.47,,,,,,,44.1,12.0,,C:/Users/User/Desktop/AISCIA/task3/AISCIA_task3/Clean Data for Dr. Fadwa/Cocobetain 1 wt.%\CNT\0.00625\1\extracted_frames\frame_305.png
13018,Cocobetain 1 wt.%,CNT,0.00625,1,244,1282.9,0.763,,,,,,,1.0,1.0,1282.47,,,,,,,44.1,12.0,,C:/Users/User/Desktop/AISCIA/task3/AISCIA_task3/Clean Data for Dr. Fadwa/Cocobetain 1 wt.%\CNT\0.00625\1\extracted_frames\frame_306.png
13019,Cocobetain 1 wt.%,CNT,0.00625,1,245,1287.9,0.799,,,,,,,2.0,1.0,1287.47,,,,,,,44.1,12.0,,C:/Users/User/Desktop/AISCIA/task3/AISCIA_task3/Clean Data for Dr. Fadwa/Cocobetain 1 wt.%\CNT\0.00625\1\extracted_frames\frame_307.png
13020,Cocobetain 1 wt.%,CNT,0.00625,1,246,1292.9,0.84,,,,,,,2.0,1.0,1292.47,,,,,,,44.2,12.2,,C:/Users/User/Desktop/AISCIA/task3/AISCIA_task3/Clean Data for Dr. Fadwa/Cocobetain 1 wt.%\CNT\0.00625\1\extracted_frames\frame_308.png
13021,Cocobetain 1 wt.%,CNT,0.00625,1,247,1297.9,0.922,,,,,,,2.0,3.0,1297.47,,,,,,,44.0,12.0,,C:/Users/User/Desktop/AISCIA/task3/AISCIA_task3/Clean Data for Dr. Fadwa/Cocobetain 1 wt.%\CNT\0.00625\1\extracted_frames\frame_309.png
13022,Cocobetain 1 wt.%,CNT,0.00625,1,248,1302.9,0.926,,,,,,,2.0,3.0,1302.47,,,,,,,43.9,12.0,,C:/Users/User/Desktop/AISCIA/task3/AISCIA_task3/Clean Data for Dr. Fadwa/Cocobetain 1 wt.%\CNT\0.00625\1\extracted_frames\frame_310.png
13023,Cocobetain 1 wt.%,CNT,0.00625,1,249,1307.9,0.928,,,,,,,2.0,3.0,1307.47,,,,,,,43.9,12.0,,C:/Users/User/Desktop/AISCIA/task3/AISCIA_task3/Clean Data for Dr. Fadwa/Cocobetain 1 wt.%\CNT\0.00625\1\extracted_frames\frame_311.png
13024,Cocobetain 1 wt.%,CNT,0.00625,1,250,1312.9,0.975,,,,,,,2.0,3.0,1312.47,,,,,,,43.7,12.0,,C:/Users/User/Desktop/AISCIA/task3/AISCIA_task3/Clean Data for Dr. Fadwa/Cocobetain 1 wt.%\CNT\0.00625\1\extracted_frames\frame_312.png
13025,Cocobetain 1 wt.%,CNT,0.00625,1,251,1317.9,0.975,,,,,,,2.0,3.0,1317.47,,,,,,,43.7,12.0,,C:/Users/User/Desktop/AISCIA/task3/AISCIA_task3/Clean Data for Dr. Fadwa/Cocobetain 1 wt.%\CNT\0.00625\1\extracted_frames\frame_313.png
13026,Cocobetain 1 wt.%,CNT,0.00625,1,252,1322.9,0.984,,,,,,,2.0,4.0,1322.47,,,,,,,43.7,12.0,,C:/Users/User/Desktop/AISCIA/task3/AISCIA_task3/Clean Data for Dr. Fadwa/Cocobetain 1 wt.%\CNT\0.00625\1\extracted_frames\frame_314.png
13027,Cocobetain 1 wt.%,CNT,0.00625,1,253,1327.9,0.997,,,,,,,2.0,4.0,1327.47,,,,,,,43.7,12.0,,C:/Users/User/Desktop/AISCIA/task3/AISCIA_task3/Clean Data for Dr. Fadwa/Cocobetain 1 wt.%\CNT\0.00625\1\extracted_frames\frame_315.png
13028,Cocobetain 1 wt.%,CNT,0.00625,1,254,1332.9,1.001,,,,,,,2.0,4.0,1332.47,,,,,,,43.6,12.0,,C:/Users/User/Desktop/AISCIA/task3/AISCIA_task3/Clean Data for Dr. Fadwa/Cocobetain 1 wt.%\CNT\0.00625\1\extracted_frames\frame_316.png
13029,Cocobetain 1 wt.%,CNT,0.00625,1,255,1337.9,1.005,,,,,,,2.0,4.0,1337.47,,,,,,,43.6,12.0,,C:/Users/User/Desktop/AISCIA/task3/AISCIA_task3/Clean Data for Dr. Fadwa/Cocobetain 1 wt.%\CNT\0.00625\1\extracted_frames\frame_317.png
13030,Cocobetain 1 wt.%,CNT,0.00625,1,256,1342.9,1.055,,,,,,,2.0,4.0,1342.47,,,,,,,43.6,12.0,,C:/Users/User/Desktop/AISCIA/task3/AISCIA_task3/Clean Data for Dr. Fadwa/Cocobetain 1 wt.%\CNT\0.00625\1\extracted_frames\frame_318.png
13031,Cocobetain 1 wt.%,CNT,0.00625,1,257,1347.9,1.059,,,,,,,2.0,4.0,1347.47,,,,,,,43.6,12.0,,C:/Users/User/Desktop/AISCIA/task3/AISCIA_task3/Clean Data for Dr. Fadwa/Cocobetain 1 wt.%\CNT\0.00625\1\extracted_frames\frame_319.png
13032,Cocobetain 1 wt.%,CNT,0.00625,1,258,1352.9,1.074,,,,,,,2.0,4.0,1352.47,,,,,,,43.6,12.0,,C:/Users/User/Desktop/AISCIA/task3/AISCIA_task3/Clean Data for Dr. Fadwa/Cocobetain 1 wt.%\CNT\0.00625\1\extracted_frames\frame_320.png
13033,Cocobetain 1 wt.%,CNT,0.00625,1,259,1357.9,1.133,,,,,,,2.0,4.0,1357.47,,,,,,,43.4,12.0,,C:/Users/User/Desktop/AISCIA/task3/AISCIA_task3/Clean Data for Dr. Fadwa/Cocobetain 1 wt.%\CNT\0.00625\1\extracted_frames\frame_321.png
13034,Cocobetain 1 wt.%,CNT,0.00625,1,260,1362.9,1.138,,,,,,,2.0,4.0,1362.47,,,,,,,43.4,12.0,,C:/Users/User/Desktop/AISCIA/task3/AISCIA_task3/Clean Data for Dr. Fadwa/Cocobetain 1 wt.%\CNT\0.00625\1\extracted_frames\frame_322.png
13035,Cocobetain 1 wt.%,CNT,0.00625,1,261,1367.9,1.092,,,,,,,2.0,4.0,1367.47,,,,,,,43.4,11.7,,C:/Users/User/Desktop/AISCIA/task3/AISCIA_task3/Clean Data for Dr. Fadwa/Cocobetain 1 wt.%\CNT\0.00625\1\extracted_frames\frame_323.png
13036,Cocobetain 1 wt.%,CNT,0.00625,1,262,1372.9,1.097,,,,,,,2.0,4.0,1372.47,,,,,,,43.4,12.0,,C:/Users/User/Desktop/AISCIA/task3/AISCIA_task3/Clean Data for Dr. Fadwa/Cocobetain 1 wt.%\CNT\0.00625\1\extracted_frames\frame_324.png
13037,Cocobetain 1 wt.%,CNT,0.00625,1,263,1377.9,1.102,,,,,,,2.0,4.0,1377.47,,,,,,,43.4,12.0,,C:/Users/User/Desktop/AISCIA/task3/AISCIA_task3/Clean Data for Dr. Fadwa/Cocobetain 1 wt.%\CNT\0.00625\1\extracted_frames\frame_325.png
13038,Cocobetain 1 wt.%,CNT,0.00625,1,264,1382.9,1.106,,,,,,,2.0,4.0,1382.47,,,,,,,43.4,12.0,,C:/Users/User/Desktop/AISCIA/task3/AISCIA_task3/Clean Data for Dr. Fadwa/Cocobetain 1 wt.%\CNT\0.00625\1\extracted_frames\frame_326.png
13039,Cocobetain 1 wt.%,CNT,0.00625,1,265,1387.9,1.11,,,,,,,2.0,4.0,1387.47,,,,,,,43.3,11.7,,C:/Users/User/Desktop/AISCIA/task3/AISCIA_task3/Clean Data for Dr. Fadwa/Cocobetain 1 wt.%\CNT\0.00625\1\extracted_frames\frame_327.png
13040,Cocobetain 1 wt.%,CNT,0.00625,1,266,1392.9,1.114,,,,,,,2.0,4.0,1392.47,,,,,,,43.0,10.9,,C:/Users/User/Desktop/AISCIA/task3/AISCIA_task3/Clean Data for Dr. Fadwa/Cocobetain 1 wt.%\CNT\0.00625\1\extracted_frames\frame_328.png
13041,Cocobetain 1 wt.%,CNT,0.00625,1,267,1397.9,1.378,,,,,,,3.0,7.0,1397.47,,,,,,,43.0,10.9,,C:/Users/User/Desktop/AISCIA/task3/AISCIA_task3/Clean Data for Dr. Fadwa/Cocobetain 1 wt.%\CNT\0.00625\1\extracted_frames\frame_329.png
13042,Cocobetain 1 wt.%,CNT,0.00625,1,268,1402.9,114.14,,,,,,,2.0,2.0,1402.47,,,,,,,2.8,12.8,,C:/Users/User/Desktop/AISCIA/task3/AISCIA_task3/Clean Data for Dr. Fadwa/Cocobetain 1 wt.%\CNT\0.00625\1\extracted_frames\frame_330.png
13043,Cocobetain 1 wt.%,CNT,0.00625,1,269,1407.9,104.69,,,,,,,2.0,6.0,1407.47,,,,,,,2.8,12.8,,C:/Users/User/Desktop/AISCIA/task3/AISCIA_task3/Clean Data for Dr. Fadwa/Cocobetain 1 wt.%\CNT\0.00625\1\extracted_frames\frame_331.png
13044,Cocobetain 1 wt.%,CNT,0.00625,1,270,1412.9,93.592,,,,,,,4.0,15.0,1412.47,,,,,,,2.8,12.8,,C:/Users/User/Desktop/AISCIA/task3/AISCIA_task3/Clean Data for Dr. Fadwa/Cocobetain 1 wt.%\CNT\0.00625\1\extracted_frames\frame_332.png
13045,Cocobetain 1 wt.%,CNT,0.00625,1,271,1417.9,90.467,,,,,,,3.0,8.0,1417.47,,,,,,,2.8,12.8,,C:/Users/User/Desktop/AISCIA/task3/AISCIA_task3/Clean Data for Dr. Fadwa/Cocobetain 1 wt.%\CNT\0.00625\1\extracted_frames\frame_333.png
13046,Cocobetain 1 wt.%,CNT,0.00625,1,272,1422.9,103.641,,,,,,,2.0,2.0,1422.47,,,,,,,2.8,12.8,,C:/Users/User/Desktop/AISCIA/task3/AISCIA_task3/Clean Data for Dr. Fadwa/Cocobetain 1 wt.%\CNT\0.00625\1\extracted_frames\frame_334.png
13047,Cocobetain 1 wt.%,CNT,0.00625,1,273,1427.9,96.258,,,,,,,3.0,8.0,1427.47,,,,,,,2.8,12.8,,C:/Users/User/Desktop/AISCIA/task3/AISCIA_task3/Clean Data for Dr. Fadwa/Cocobetain 1 wt.%\CNT\0.00625\1\extracted_frames\frame_335.png
13048,Cocobetain 1 wt.%,CNT,0.00625,1,274,1432.9,75.759,,,,,,,4.0,19.0,1432.47,,,,,,,2.8,12.8,,C:/Users/User/Desktop/AISCIA/task3/AISCIA_task3/Clean Data for Dr. Fadwa/Cocobetain 1 wt.%\CNT\0.00625\1\extracted_frames\frame_336.png
13049,Cocobetain 1 wt.%,CNT,0.00625,1,275,1437.9,110.915,,,,,,,3.0,10.0,1437.47,,,,,,,2.8,12.8,,C:/Users/User/Desktop/AISCIA/task3/AISCIA_task3/Clean Data for Dr. Fadwa/Cocobetain 1 wt.%\CNT\0.00625\1\extracted_frames\frame_337.png
13050,Cocobetain 1 wt.%,CNT,0.00625,1,276,1442.9,84.079,,,,,,,4.0,20.0,1442.47,,,,,,,2.8,12.8,,C:/Users/User/Desktop/AISCIA/task3/AISCIA_task3/Clean Data for Dr. Fadwa/Cocobetain 1 wt.%\CNT\0.00625\1\extracted_frames\frame_338.png
13051,Cocobetain 1 wt.%,CNT,0.00625,1,277,1447.9,92.005,,,,,,,3.0,12.0,1447.47,,,,,,,2.8,12.8,,C:/Users/User/Desktop/AISCIA/task3/AISCIA_task3/Clean Data for Dr. Fadwa/Cocobetain 1 wt.%\CNT\0.00625\1\extracted_frames\frame_339.png
13052,Cocobetain 1 wt.%,CNT,0.00625,1,278,1452.9,86.813,,,,,,,6.0,42.0,1452.47,,,,,,,2.8,12.8,,C:/Users/User/Desktop/AISCIA/task3/AISCIA_task3/Clean Data for Dr. Fadwa/Cocobetain 1 wt.%\CNT\0.00625\1\extracted_frames\frame_340.png
13053,Cocobetain 1 wt.%,CNT,0.00625,1,279,1457.9,99.348,,,,,,,2.0,5.0,1457.47,,,,,,,2.8,12.8,,C:/Users/User/Desktop/AISCIA/task3/AISCIA_task3/Clean Data for Dr. Fadwa/Cocobetain 1 wt.%\CNT\0.00625\1\extracted_frames\frame_341.png
13054,Cocobetain 1 wt.%,CNT,0.00625,1,280,1462.9,95.469,,,,,,,3.0,8.0,1462.47,,,,,,,2.8,12.8,,C:/Users/User/Desktop/AISCIA/task3/AISCIA_task3/Clean Data for Dr. Fadwa/Cocobetain 1 wt.%\CNT\0.00625\1\extracted_frames\frame_342.png
13055,Cocobetain 1 wt.%,CNT,0.00625,1,281,1467.9,107.911,,,,,,,3.0,7.0,1467.47,,,,,,,2.8,12.8,,C:/Users/User/Desktop/AISCIA/task3/AISCIA_task3/Clean Data for Dr. Fadwa/Cocobetain 1 wt.%\CNT\0.00625\1\extracted_frames\frame_343.png
13056,Cocobetain 1 wt.%,CNT,0.00625,1,282,1472.9,103.758,,,,,,,6.0,40.0,1472.47,,,,,,,2.8,12.8,,C:/Users/User/Desktop/AISCIA/task3/AISCIA_task3/Clean Data for Dr. Fadwa/Cocobetain 1 wt.%\CNT\0.00625\1\extracted_frames\frame_344.png
13057,Cocobetain 1 wt.%,CNT,0.00625,1,283,1477.9,93.385,,,,,,,3.0,12.0,1477.47,,,,,,,2.8,12.8,,C:/Users/User/Desktop/AISCIA/task3/AISCIA_task3/Clean Data for Dr. Fadwa/Cocobetain 1 wt.%\CNT\0.00625\1\extracted_frames\frame_345.png
13058,Cocobetain 1 wt.%,CNT,0.00625,1,284,1482.9,116.436,,,,,,,3.0,10.0,1482.47,,,,,,,2.8,12.8,,C:/Users/User/Desktop/AISCIA/task3/AISCIA_task3/Clean Data for Dr. Fadwa/Cocobetain 1 wt.%\CNT\0.00625\1\extracted_frames\frame_346.png
13059,Cocobetain 1 wt.%,CNT,0.00625,1,285,1487.9,103.324,,,,,,,3.0,10.0,1487.47,,,,,,,2.8,12.8,,C:/Users/User/Desktop/AISCIA/task3/AISCIA_task3/Clean Data for Dr. Fadwa/Cocobetain 1 wt.%\CNT\0.00625\1\extracted_frames\frame_347.png
13060,Cocobetain 1 wt.%,CNT,0.00625,1,286,1492.9,96.68,,,,,,,7.0,55.0,1492.47,,,,,,,2.8,12.8,,C:/Users/User/Desktop/AISCIA/task3/AISCIA_task3/Clean Data for Dr. Fadwa/Cocobetain 1 wt.%\CNT\0.00625\1\extracted_frames\frame_348.png
13061,Cocobetain 1 wt.%,CNT,0.00625,1,287,1497.9,95.667,,,,,,,4.0,15.0,1497.47,,,,,,,2.8,12.8,,C:/Users/User/Desktop/AISCIA/task3/AISCIA_task3/Clean Data for Dr. Fadwa/Cocobetain 1 wt.%\CNT\0.00625\1\extracted_frames\frame_349.png
13062,Cocobetain 1 wt.%,CNT,0.00625,1,288,1502.9,89.748,,,,,,,3.0,7.0,1502.47,,,,,,,2.8,12.8,,C:/Users/User/Desktop/AISCIA/task3/AISCIA_task3/Clean Data for Dr. Fadwa/Cocobetain 1 wt.%\CNT\0.00625\1\extracted_frames\frame_350.png
13063,Cocobetain 1 wt.%,CNT,0.00625,1,289,1507.9,102.562,,,,,,,5.0,25.0,1507.47,,,,,,,2.8,12.8,,C:/Users/User/Desktop/AISCIA/task3/AISCIA_task3/Clean Data for Dr. Fadwa/Cocobetain 1 wt.%\CNT\0.00625\1\extracted_frames\frame_351.png
13064,Cocobetain 1 wt.%,CNT,0.00625,1,290,1512.9,113.261,,,,,,,2.0,5.0,1512.47,,,,,,,2.8,12.8,,C:/Users/User/Desktop/AISCIA/task3/AISCIA_task3/Clean Data for Dr. Fadwa/Cocobetain 1 wt.%\CNT\0.00625\1\extracted_frames\frame_352.png
13065,Cocobetain 1 wt.%,CNT,0.00625,1,291,1517.9,127.01,,,,,,,4.0,14.0,1517.47,,,,,,,2.8,12.8,,C:/Users/User/Desktop/AISCIA/task3/AISCIA_task3/Clean Data for Dr. Fadwa/Cocobetain 1 wt.%\CNT\0.00625\1\extracted_frames\frame_353.png
13066,Cocobetain 1 wt.%,CNT,0.00625,1,292,1522.9,94.678,,,,,,,4.0,17.0,1522.47,,,,,,,2.8,12.8,,C:/Users/User/Desktop/AISCIA/task3/AISCIA_task3/Clean Data for Dr. Fadwa/Cocobetain 1 wt.%\CNT\0.00625\1\extracted_frames\frame_354.png
13067,Cocobetain 1 wt.%,CNT,0.00625,1,293,1527.9,110.148,,,,,,,3.0,8.0,1527.47,,,,,,,2.8,12.8,,C:/Users/User/Desktop/AISCIA/task3/AISCIA_task3/Clean Data for Dr. Fadwa/Cocobetain 1 wt.%\CNT\0.00625\1\extracted_frames\frame_355.png
13068,Cocobetain 1 wt.%,CNT,0.00625,1,294,1532.9,87.695,,,,,,,4.0,19.0,1532.47,,,,,,,2.8,12.8,,C:/Users/User/Desktop/AISCIA/task3/AISCIA_task3/Clean Data for Dr. Fadwa/Cocobetain 1 wt.%\CNT\0.00625\1\extracted_frames\frame_356.png
13069,Cocobetain 1 wt.%,CNT,0.00625,1,295,1537.9,106.875,,,,,,,5.0,35.0,1537.47,,,,,,,2.8,12.8,,C:/Users/User/Desktop/AISCIA/task3/AISCIA_task3/Clean Data for Dr. Fadwa/Cocobetain 1 wt.%\CNT\0.00625\1\extracted_frames\frame_357.png
13070,Cocobetain 1 wt.%,CNT,0.00625,1,296,1542.9,96.397,,,,,,,3.0,11.0,1542.47,,,,,,,2.8,12.8,,C:/Users/User/Desktop/AISCIA/task3/AISCIA_task3/Clean Data for Dr. Fadwa/Cocobetain 1 wt.%\CNT\0.00625\1\extracted_frames\frame_358.png
13071,Cocobetain 1 wt.%,CNT,0.00625,1,297,1547.9,97.424,,,,,,,3.0,14.0,1547.47,,,,,,,2.8,12.8,,C:/Users/User/Desktop/AISCIA/task3/AISCIA_task3/Clean Data for Dr. Fadwa/Cocobetain 1 wt.%\CNT\0.00625\1\extracted_frames\frame_359.png
13072,Cocobetain 1 wt.%,CNT,0.00625,1,298,1552.9,103.373,,,,,,,4.0,21.0,1552.47,,,,,,,2.8,12.8,,C:/Users/User/Desktop/AISCIA/task3/AISCIA_task3/Clean Data for Dr. Fadwa/Cocobetain 1 wt.%\CNT\0.00625\1\extracted_frames\frame_360.png
13073,Cocobetain 1 wt.%,CNT,0.00625,1,299,1557.9,84.48,,,,,,,4.0,15.0,1557.47,,,,,,,2.8,12.8,,C:/Users/User/Desktop/AISCIA/task3/AISCIA_task3/Clean Data for Dr. Fadwa/Cocobetain 1 wt.%\CNT\0.00625\1\extracted_frames\frame_361.png
13074,Cocobetain 1 wt.%,CNT,0.00625,1,300,1562.9,74.849,,,,,,,6.0,36.0,1562.47,,,,,,,2.8,12.8,,C:/Users/User/Desktop/AISCIA/task3/AISCIA_task3/Clean Data for Dr. Fadwa/Cocobetain 1 wt.%\CNT\0.00625\1\extracted_frames\frame_362.png
13075,Cocobetain 1 wt.%,CNT,0.00625,1,301,1567.9,86.482,,,,,,,3.0,11.0,1567.47,,,,,,,2.8,12.8,,C:/Users/User/Desktop/AISCIA/task3/AISCIA_task3/Clean Data for Dr. Fadwa/Cocobetain 1 wt.%\CNT\0.00625\1\extracted_frames\frame_363.png
13076,Cocobetain 1 wt.%,CNT,0.00625,1,302,1572.9,100.036,,,,,,,4.0,18.0,1572.47,,,,,,,2.8,12.8,,C:/Users/User/Desktop/AISCIA/task3/AISCIA_task3/Clean Data for Dr. Fadwa/Cocobetain 1 wt.%\CNT\0.00625\1\extracted_frames\frame_364.png
13077,Cocobetain 1 wt.%,CNT,0.00625,1,303,1577.9,98.018,,,,,,,3.0,8.0,1577.47,,,,,,,2.8,12.8,,C:/Users/User/Desktop/AISCIA/task3/AISCIA_task3/Clean Data for Dr. Fadwa/Cocobetain 1 wt.%\CNT\0.00625\1\extracted_frames\frame_365.png
13078,Cocobetain 1 wt.%,CNT,0.00625,1,304,1582.9,85.89,,,,,,,3.0,12.0,1582.47,,,,,,,2.8,12.8,,C:/Users/User/Desktop/AISCIA/task3/AISCIA_task3/Clean Data for Dr. Fadwa/Cocobetain 1 wt.%\CNT\0.00625\1\extracted_frames\frame_366.png
13079,Cocobetain 1 wt.%,CNT,0.00625,1,305,1587.9,97.232,,,,,,,3.0,8.0,1587.47,,,,,,,2.8,12.8,,C:/Users/User/Desktop/AISCIA/task3/AISCIA_task3/Clean Data for Dr. Fadwa/Cocobetain 1 wt.%\CNT\0.00625\1\extracted_frames\frame_367.png
13080,Cocobetain 1 wt.%,CNT,0.00625,1,306,1592.9,82.732,,,,,,,4.0,16.0,1592.47,,,,,,,2.8,12.8,,C:/Users/User/Desktop/AISCIA/task3/AISCIA_task3/Clean Data for Dr. Fadwa/Cocobetain 1 wt.%\CNT\0.00625\1\extracted_frames\frame_368.png
13081,Cocobetain 1 wt.%,CNT,0.00625,1,307,1597.9,106.333,,,,,,,4.0,23.0,1597.47,,,,,,,2.8,12.8,,C:/Users/User/Desktop/AISCIA/task3/AISCIA_task3/Clean Data for Dr. Fadwa/Cocobetain 1 wt.%\CNT\0.00625\1\extracted_frames\frame_369.png
13082,Cocobetain 1 wt.%,CNT,0.00625,1,308,1602.9,113.073,,,,,,,2.0,3.0,1602.47,,,,,,,2.8,12.8,,C:/Users/User/Desktop/AISCIA/task3/AISCIA_task3/Clean Data for Dr. Fadwa/Cocobetain 1 wt.%\CNT\0.00625\1\extracted_frames\frame_370.png
13083,Cocobetain 1 wt.%,CNT,0.00625,1,309,1607.9,96.911,,,,,,,2.0,5.0,1607.47,,,,,,,2.8,12.8,,C:/Users/User/Desktop/AISCIA/task3/AISCIA_task3/Clean Data for Dr. Fadwa/Cocobetain 1 wt.%\CNT\0.00625\1\extracted_frames\frame_371.png
13084,Cocobetain 1 wt.%,CNT,0.00625,1,310,1612.9,88.773,,,,,,,5.0,36.0,1612.47,,,,,,,2.8,12.8,,C:/Users/User/Desktop/AISCIA/task3/AISCIA_task3/Clean Data for Dr. Fadwa/Cocobetain 1 wt.%\CNT\0.00625\1\extracted_frames\frame_372.png
13085,Cocobetain 1 wt.%,CNT,0.00625,1,311,1617.9,88.761,,,,,,,3.0,12.0,1617.47,,,,,,,2.8,12.8,,C:/Users/User/Desktop/AISCIA/task3/AISCIA_task3/Clean Data for Dr. Fadwa/Cocobetain 1 wt.%\CNT\0.00625\1\extracted_frames\frame_373.png
13086,Cocobetain 1 wt.%,CNT,0.00625,1,312,1622.9,84.919,,,,,,,4.0,18.0,1622.47,,,,,,,2.8,12.8,,C:/Users/User/Desktop/AISCIA/task3/AISCIA_task3/Clean Data for Dr. Fadwa/Cocobetain 1 wt.%\CNT\0.00625\1\extracted_frames\frame_374.png
13087,Cocobetain 1 wt.%,CNT,0.00625,1,313,1627.9,108.561,,,,,,,4.0,18.0,1627.47,,,,,,,2.8,12.8,,C:/Users/User/Desktop/AISCIA/task3/AISCIA_task3/Clean Data for Dr. Fadwa/Cocobetain 1 wt.%\CNT\0.00625\1\extracted_frames\frame_375.png
13088,Cocobetain 1 wt.%,CNT,0.00625,1,314,1632.9,103.807,,,,,,,2.0,5.0,1632.47,,,,,,,2.8,12.8,,C:/Users/User/Desktop/AISCIA/task3/AISCIA_task3/Clean Data for Dr. Fadwa/Cocobetain 1 wt.%\CNT\0.00625\1\extracted_frames\frame_376.png
13089,Cocobetain 1 wt.%,CNT,0.00625,1,315,1637.9,117.918,,,,,,,3.0,7.0,1637.47,,,,,,,2.8,12.8,,C:/Users/User/Desktop/AISCIA/task3/AISCIA_task3/Clean Data for Dr. Fadwa/Cocobetain 1 wt.%\CNT\0.00625\1\extracted_frames\frame_377.png
13090,Cocobetain 1 wt.%,CNT,0.00625,1,316,1642.9,103.822,,,,,,,3.0,11.0,1642.47,,,,,,,2.8,12.8,,C:/Users/User/Desktop/AISCIA/task3/AISCIA_task3/Clean Data for Dr. Fadwa/Cocobetain 1 wt.%\CNT\0.00625\1\extracted_frames\frame_378.png
13091,Cocobetain 1 wt.%,CNT,0.00625,1,317,1647.9,82.766,,,,,,,1.0,2.0,1647.47,,,,,,,2.8,12.8,,C:/Users/User/Desktop/AISCIA/task3/AISCIA_task3/Clean Data for Dr. Fadwa/Cocobetain 1 wt.%\CNT\0.00625\1\extracted_frames\frame_379.png
13092,Cocobetain 1 wt.%,CNT,0.00625,1,318,1652.9,110.386,,,,,,,2.0,4.0,1652.47,,,,,,,2.8,12.8,,C:/Users/User/Desktop/AISCIA/task3/AISCIA_task3/Clean Data for Dr. Fadwa/Cocobetain 1 wt.%\CNT\0.00625\1\extracted_frames\frame_380.png
13093,Cocobetain 1 wt.%,CNT,0.00625,1,319,1657.9,105.601,,,,,,,4.0,22.0,1657.47,,,,,,,2.8,12.8,,C:/Users/User/Desktop/AISCIA/task3/AISCIA_task3/Clean Data for Dr. Fadwa/Cocobetain 1 wt.%\CNT\0.00625\1\extracted_frames\frame_381.png
13094,Cocobetain 1 wt.%,CNT,0.00625,1,320,1662.9,97.782,,,,,,,2.0,4.0,1662.47,,,,,,,2.8,12.8,,C:/Users/User/Desktop/AISCIA/task3/AISCIA_task3/Clean Data for Dr. Fadwa/Cocobetain 1 wt.%\CNT\0.00625\1\extracted_frames\frame_382.png
13095,Cocobetain 1 wt.%,CNT,0.00625,1,321,1667.9,89.9,,,,,,,5.0,26.0,1667.47,,,,,,,2.8,12.8,,C:/Users/User/Desktop/AISCIA/task3/AISCIA_task3/Clean Data for Dr. Fadwa/Cocobetain 1 wt.%\CNT\0.00625\1\extracted_frames\frame_383.png
13096,Cocobetain 1 wt.%,CNT,0.00625,1,322,1672.9,92.685,,,,,,,2.0,4.0,1672.47,,,,,,,2.8,12.8,,C:/Users/User/Desktop/AISCIA/task3/AISCIA_task3/Clean Data for Dr. Fadwa/Cocobetain 1 wt.%\CNT\0.00625\1\extracted_frames\frame_384.png
13097,Cocobetain 1 wt.%,CNT,0.00625,1,323,1677.9,98.837,,,,,,,3.0,9.0,1677.47,,,,,,,2.8,12.8,,C:/Users/User/Desktop/AISCIA/task3/AISCIA_task3/Clean Data for Dr. Fadwa/Cocobetain 1 wt.%\CNT\0.00625\1\extracted_frames\frame_385.png
13098,Cocobetain 1 wt.%,CNT,0.00625,1,324,1682.9,107.78,,,,,,,2.0,3.0,1682.47,,,,,,,2.8,12.8,,C:/Users/User/Desktop/AISCIA/task3/AISCIA_task3/Clean Data for Dr. Fadwa/Cocobetain 1 wt.%\CNT\0.00625\1\extracted_frames\frame_386.png
13099,Cocobetain 1 wt.%,CNT,0.00625,1,325,1687.9,115.01,,,,,,,3.0,11.0,1687.47,,,,,,,2.8,12.8,,C:/Users/User/Desktop/AISCIA/task3/AISCIA_task3/Clean Data for Dr. Fadwa/Cocobetain 1 wt.%\CNT\0.00625\1\extracted_frames\frame_387.png
13100,Cocobetain 1 wt.%,CNT,0.00625,1,326,1692.9,98.344,,,,,,,2.0,2.0,1692.47,,,,,,,2.8,12.8,,C:/Users/User/Desktop/AISCIA/task3/AISCIA_task3/Clean Data for Dr. Fadwa/Cocobetain 1 wt.%\CNT\0.00625\1\extracted_frames\frame_388.png
13101,Cocobetain 1 wt.%,CNT,0.00625,1,327,1697.9,78.795,,,,,,,7.0,57.0,1697.47,,,,,,,2.8,12.8,,C:/Users/User/Desktop/AISCIA/task3/AISCIA_task3/Clean Data for Dr. Fadwa/Cocobetain 1 wt.%\CNT\0.00625\1\extracted_frames\frame_389.png
13102,Cocobetain 1 wt.%,CNT,0.00625,1,328,1702.9,102.507,,,,,,,3.0,10.0,1702.47,,,,,,,2.8,12.8,,C:/Users/User/Desktop/AISCIA/task3/AISCIA_task3/Clean Data for Dr. Fadwa/Cocobetain 1 wt.%\CNT\0.00625\1\extracted_frames\frame_390.png
13103,Cocobetain 1 wt.%,CNT,0.00625,1,329,1707.9,102.207,,,,,,,4.0,18.0,1707.47,,,,,,,2.8,12.8,,C:/Users/User/Desktop/AISCIA/task3/AISCIA_task3/Clean Data for Dr. Fadwa/Cocobetain 1 wt.%\CNT\0.00625\1\extracted_frames\frame_391.png
13104,Cocobetain 1 wt.%,CNT,0.00625,1,330,1712.9,109.814,,,,,,,2.0,7.0,1712.47,,,,,,,2.8,12.8,,C:/Users/User/Desktop/AISCIA/task3/AISCIA_task3/Clean Data for Dr. Fadwa/Cocobetain 1 wt.%\CNT\0.00625\1\extracted_frames\frame_392.png
13105,Cocobetain 1 wt.%,CNT,0.00625,1,331,1717.9,115.723,,,,,,,2.0,6.0,1717.47,,,,,,,2.8,12.8,,C:/Users/User/Desktop/AISCIA/task3/AISCIA_task3/Clean Data for Dr. Fadwa/Cocobetain 1 wt.%\CNT\0.00625\1\extracted_frames\frame_393.png
13106,Cocobetain 1 wt.%,CNT,0.00625,1,332,1722.9,99.095,,,,,,,3.0,13.0,1722.47,,,,,,,2.8,12.8,,C:/Users/User/Desktop/AISCIA/task3/AISCIA_task3/Clean Data for Dr. Fadwa/Cocobetain 1 wt.%\CNT\0.00625\1\extracted_frames\frame_394.png
13107,Cocobetain 1 wt.%,CNT,0.00625,1,333,1727.9,86.44,,,,,,,3.0,10.0,1727.47,,,,,,,2.8,12.8,,C:/Users/User/Desktop/AISCIA/task3/AISCIA_task3/Clean Data for Dr. Fadwa/Cocobetain 1 wt.%\CNT\0.00625\1\extracted_frames\frame_395.png
13108,Cocobetain 1 wt.%,CNT,0.00625,1,334,1732.9,99.701,,,,,,,5.0,37.0,1732.47,,,,,,,2.8,12.8,,C:/Users/User/Desktop/AISCIA/task3/AISCIA_task3/Clean Data for Dr. Fadwa/Cocobetain 1 wt.%\CNT\0.00625\1\extracted_frames\frame_396.png
13109,Cocobetain 1 wt.%,CNT,0.00625,1,335,1737.9,120.455,,,,,,,2.0,3.0,1737.47,,,,,,,2.8,12.8,,C:/Users/User/Desktop/AISCIA/task3/AISCIA_task3/Clean Data for Dr. Fadwa/Cocobetain 1 wt.%\CNT\0.00625\1\extracted_frames\frame_397.png
13110,Cocobetain 1 wt.%,CNT,0.00625,1,336,1742.9,91.356,,,,,,,6.0,41.0,1742.47,,,,,,,2.8,12.8,,C:/Users/User/Desktop/AISCIA/task3/AISCIA_task3/Clean Data for Dr. Fadwa/Cocobetain 1 wt.%\CNT\0.00625\1\extracted_frames\frame_398.png
13111,Cocobetain 1 wt.%,CNT,0.00625,1,337,1747.9,95.793,,,,,,,4.0,19.0,1747.47,,,,,,,2.8,12.8,,C:/Users/User/Desktop/AISCIA/task3/AISCIA_task3/Clean Data for Dr. Fadwa/Cocobetain 1 wt.%\CNT\0.00625\1\extracted_frames\frame_399.png
13112,Cocobetain 1 wt.%,CNT,0.00625,1,338,1752.9,106.711,,,,,,,1.0,1.0,1752.47,,,,,,,2.8,12.8,,C:/Users/User/Desktop/AISCIA/task3/AISCIA_task3/Clean Data for Dr. Fadwa/Cocobetain 1 wt.%\CNT\0.00625\1\extracted_frames\frame_400.png
13113,Cocobetain 1 wt.%,CNT,0.00625,1,339,1757.9,96.481,,,,,,,3.0,8.0,1757.47,,,,,,,2.8,12.8,,C:/Users/User/Desktop/AISCIA/task3/AISCIA_task3/Clean Data for Dr. Fadwa/Cocobetain 1 wt.%\CNT\0.00625\1\extracted_frames\frame_401.png
13114,Cocobetain 1 wt.%,CNT,0.00625,1,340,1762.9,119.322,,,,,,,3.0,8.0,1762.47,,,,,,,2.8,12.8,,C:/Users/User/Desktop/AISCIA/task3/AISCIA_task3/Clean Data for Dr. Fadwa/Cocobetain 1 wt.%\CNT\0.00625\1\extracted_frames\frame_402.png
13115,Cocobetain 1 wt.%,CNT,0.00625,1,341,1767.9,83.916,,,,,,,5.0,34.0,1767.47,,,,,,,2.8,12.8,,C:/Users/User/Desktop/AISCIA/task3/AISCIA_task3/Clean Data for Dr. Fadwa/Cocobetain 1 wt.%\CNT\0.00625\1\extracted_frames\frame_403.png
13116,Cocobetain 1 wt.%,CNT,0.00625,1,342,1772.9,87.079,,,,,,,3.0,10.0,1772.47,,,,,,,2.8,12.8,,C:/Users/User/Desktop/AISCIA/task3/AISCIA_task3/Clean Data for Dr. Fadwa/Cocobetain 1 wt.%\CNT\0.00625\1\extracted_frames\frame_404.png
13117,Cocobetain 1 wt.%,CNT,0.00625,1,343,1777.9,94.226,,,,,,,4.0,17.0,1777.47,,,,,,,2.8,12.8,,C:/Users/User/Desktop/AISCIA/task3/AISCIA_task3/Clean Data for Dr. Fadwa/Cocobetain 1 wt.%\CNT\0.00625\1\extracted_frames\frame_405.png
13118,Cocobetain 1 wt.%,CNT,0.00625,1,344,1782.9,100.213,,,,,,,3.0,10.0,1782.47,,,,,,,2.8,12.8,,C:/Users/User/Desktop/AISCIA/task3/AISCIA_task3/Clean Data for Dr. Fadwa/Cocobetain 1 wt.%\CNT\0.00625\1\extracted_frames\frame_406.png
13119,Cocobetain 1 wt.%,CNT,0.00625,1,345,1787.9,111.081,,,,,,,3.0,8.0,1787.47,,,,,,,2.8,12.8,,C:/Users/User/Desktop/AISCIA/task3/AISCIA_task3/Clean Data for Dr. Fadwa/Cocobetain 1 wt.%\CNT\0.00625\1\extracted_frames\frame_407.png
13120,Cocobetain 1 wt.%,CNT,0.00625,1,346,1792.9,85.515,,,,,,,6.0,36.0,1792.47,,,,,,,2.8,12.8,,C:/Users/User/Desktop/AISCIA/task3/AISCIA_task3/Clean Data for Dr. Fadwa/Cocobetain 1 wt.%\CNT\0.00625\1\extracted_frames\frame_408.png
13121,Cocobetain 1 wt.%,CNT,0.00625,1,347,1797.9,88.304,,,,,,,5.0,30.0,1797.47,,,,,,,2.8,12.8,,C:/Users/User/Desktop/AISCIA/task3/AISCIA_task3/Clean Data for Dr. Fadwa/Cocobetain 1 wt.%\CNT\0.00625\1\extracted_frames\frame_409.png
13122,Cocobetain 1 wt.%,CNT,0.00625,1,348,1802.9,79.779,,,,,,,3.0,7.0,1802.47,,,,,,,2.8,12.8,,C:/Users/User/Desktop/AISCIA/task3/AISCIA_task3/Clean Data for Dr. Fadwa/Cocobetain 1 wt.%\CNT\0.00625\1\extracted_frames\frame_410.png
13123,Cocobetain 1 wt.%,CNT,0.00625,1,349,1807.9,74.354,,,,,,,5.0,28.0,1807.47,,,,,,,2.8,12.8,,C:/Users/User/Desktop/AISCIA/task3/AISCIA_task3/Clean Data for Dr. Fadwa/Cocobetain 1 wt.%\CNT\0.00625\1\extracted_frames\frame_411.png
13124,Cocobetain 1 wt.%,CNT,0.00625,1,350,1812.9,85.035,,,,,,,3.0,10.0,1812.47,,,,,,,2.8,12.8,,C:/Users/User/Desktop/AISCIA/task3/AISCIA_task3/Clean Data for Dr. Fadwa/Cocobetain 1 wt.%\CNT\0.00625\1\extracted_frames\frame_412.png
13125,Cocobetain 1 wt.%,CNT,0.00625,1,351,1817.91,89.355,,,,,,,4.0,18.0,1817.47,,,,,,,2.8,12.8,,C:/Users/User/Desktop/AISCIA/task3/AISCIA_task3/Clean Data for Dr. Fadwa/Cocobetain 1 wt.%\CNT\0.00625\1\extracted_frames\frame_413.png
13126,Cocobetain 1 wt.%,CNT,0.00625,1,352,1822.91,102.999,,,,,,,4.0,21.0,1822.47,,,,,,,2.8,12.8,,C:/Users/User/Desktop/AISCIA/task3/AISCIA_task3/Clean Data for Dr. Fadwa/Cocobetain 1 wt.%\CNT\0.00625\1\extracted_frames\frame_414.png
13127,Cocobetain 1 wt.%,CNT,0.00625,1,353,1827.91,88.648,,,,,,,5.0,25.0,1827.47,,,,,,,2.8,12.8,,C:/Users/User/Desktop/AISCIA/task3/AISCIA_task3/Clean Data for Dr. Fadwa/Cocobetain 1 wt.%\CNT\0.00625\1\extracted_frames\frame_415.png
13128,Cocobetain 1 wt.%,CNT,0.00625,1,354,1832.91,90.551,,,,,,,3.0,12.0,1832.47,,,,,,,2.8,12.8,,C:/Users/User/Desktop/AISCIA/task3/AISCIA_task3/Clean Data for Dr. Fadwa/Cocobetain 1 wt.%\CNT\0.00625\1\extracted_frames\frame_416.png
13129,Cocobetain 1 wt.%,CNT,0.00625,1,355,1837.91,98.252,,,,,,,2.0,6.0,1837.47,,,,,,,2.8,12.8,,C:/Users/User/Desktop/AISCIA/task3/AISCIA_task3/Clean Data for Dr. Fadwa/Cocobetain 1 wt.%\CNT\0.00625\1\extracted_frames\frame_417.png
33966,Cocobetain 1 wt.%,Zno,0.025,1,0,66.68,59.471,,,,,,,3.0,12.0,69.26,,,,,,,100.0,100.0,,C:/Users/User/Desktop/AISCIA/task3/AISCIA_task3/Clean Data for Dr. Fadwa/Cocobetain 1 wt.%\Zno\0.025\1\extracted_frames\frame_066.png
33967,Cocobetain 1 wt.%,Zno,0.025,1,1,71.68,58.089,,,,,,,2.0,7.0,71.26,,,,,,,99.8,100.0,,C:/Users/User/Desktop/AISCIA/task3/AISCIA_task3/Clean Data for Dr. Fadwa/Cocobetain 1 wt.%\Zno\0.025\1\extracted_frames\frame_067.png
33968,Cocobetain 1 wt.%,Zno,0.025,1,2,76.68,56.112,,,,,,,2.0,7.0,76.26,,,,,,,98.9,100.0,,C:/Users/User/Desktop/AISCIA/task3/AISCIA_task3/Clean Data for Dr. Fadwa/Cocobetain 1 wt.%\Zno\0.025\1\extracted_frames\frame_068.png
33969,Cocobetain 1 wt.%,Zno,0.025,1,3,81.68,52.309,,,,,,,2.0,6.0,81.26,,,,,,,97.9,100.0,,C:/Users/User/Desktop/AISCIA/task3/AISCIA_task3/Clean Data for Dr. Fadwa/Cocobetain 1 wt.%\Zno\0.025\1\extracted_frames\frame_069.png
33970,Cocobetain 1 wt.%,Zno,0.025,1,4,86.68,50.055,,,,,,,2.0,9.0,86.26,,,,,,,96.8,97.0,,C:/Users/User/Desktop/AISCIA/task3/AISCIA_task3/Clean Data for Dr. Fadwa/Cocobetain 1 wt.%\Zno\0.025\1\extracted_frames\frame_070.png
33971,Cocobetain 1 wt.%,Zno,0.025,1,5,91.68,46.385,,,,,,,4.0,25.0,91.26,,,,,,,95.3,92.7,,C:/Users/User/Desktop/AISCIA/task3/AISCIA_task3/Clean Data for Dr. Fadwa/Cocobetain 1 wt.%\Zno\0.025\1\extracted_frames\frame_071.png
33972,Cocobetain 1 wt.%,Zno,0.025,1,6,96.68,44.856,,,,,,,5.0,50.0,96.26,,,,,,,93.8,87.6,,C:/Users/User/Desktop/AISCIA/task3/AISCIA_task3/Clean Data for Dr. Fadwa/Cocobetain 1 wt.%\Zno\0.025\1\extracted_frames\frame_072.png
33973,Cocobetain 1 wt.%,Zno,0.025,1,7,101.68,42.182,,,,,,,4.0,35.0,101.26,,,,,,,91.8,82.2,,C:/Users/User/Desktop/AISCIA/task3/AISCIA_task3/Clean Data for Dr. Fadwa/Cocobetain 1 wt.%\Zno\0.025\1\extracted_frames\frame_073.png
33974,Cocobetain 1 wt.%,Zno,0.025,1,8,106.68,37.283,,,,,,,3.0,11.0,106.26,,,,,,,89.8,76.0,,C:/Users/User/Desktop/AISCIA/task3/AISCIA_task3/Clean Data for Dr. Fadwa/Cocobetain 1 wt.%\Zno\0.025\1\extracted_frames\frame_074.png
33975,Cocobetain 1 wt.%,Zno,0.025,1,9,111.68,31.767,,,,,,,3.0,13.0,111.26,,,,,,,85.7,69.2,,C:/Users/User/Desktop/AISCIA/task3/AISCIA_task3/Clean Data for Dr. Fadwa/Cocobetain 1 wt.%\Zno\0.025\1\extracted_frames\frame_075.png
33976,Cocobetain 1 wt.%,Zno,0.025,1,10,116.68,26.082,,,,,,,3.0,11.0,116.26,,,,,,,83.7,62.8,,C:/Users/User/Desktop/AISCIA/task3/AISCIA_task3/Clean Data for Dr. Fadwa/Cocobetain 1 wt.%\Zno\0.025\1\extracted_frames\frame_076.png
33977,Cocobetain 1 wt.%,Zno,0.025,1,11,121.68,19.908,,,,,,,3.0,9.0,121.26,,,,,,,81.5,56.6,,C:/Users/User/Desktop/AISCIA/task3/AISCIA_task3/Clean Data for Dr. Fadwa/Cocobetain 1 wt.%\Zno\0.025\1\extracted_frames\frame_077.png
33978,Cocobetain 1 wt.%,Zno,0.025,1,12,126.68,14.982,,,,,,,3.0,8.0,126.26,,,,,,,79.7,50.9,,C:/Users/User/Desktop/AISCIA/task3/AISCIA_task3/Clean Data for Dr. Fadwa/Cocobetain 1 wt.%\Zno\0.025\1\extracted_frames\frame_078.png
33979,Cocobetain 1 wt.%,Zno,0.025,1,13,131.68,10.447,,,,,,,3.0,8.0,131.26,,,,,,,77.2,46.0,,C:/Users/User/Desktop/AISCIA/task3/AISCIA_task3/Clean Data for Dr. Fadwa/Cocobetain 1 wt.%\Zno\0.025\1\extracted_frames\frame_079.png
33980,Cocobetain 1 wt.%,Zno,0.025,1,14,136.68,7.683,,,,,,,2.0,4.0,136.26,,,,,,,76.2,42.0,,C:/Users/User/Desktop/AISCIA/task3/AISCIA_task3/Clean Data for Dr. Fadwa/Cocobetain 1 wt.%\Zno\0.025\1\extracted_frames\frame_080.png
33981,Cocobetain 1 wt.%,Zno,0.025,1,15,141.68,5.31,,,,,,,2.0,4.0,141.26,,,,,,,75.2,38.5,,C:/Users/User/Desktop/AISCIA/task3/AISCIA_task3/Clean Data for Dr. Fadwa/Cocobetain 1 wt.%\Zno\0.025\1\extracted_frames\frame_081.png
33982,Cocobetain 1 wt.%,Zno,0.025,1,16,146.68,3.904,,,,,,,2.0,3.0,146.26,,,,,,,73.6,35.5,,C:/Users/User/Desktop/AISCIA/task3/AISCIA_task3/Clean Data for Dr. Fadwa/Cocobetain 1 wt.%\Zno\0.025\1\extracted_frames\frame_082.png
33983,Cocobetain 1 wt.%,Zno,0.025,1,17,151.68,2.746,,,,,,,2.0,2.0,151.26,,,,,,,73.0,33.1,,C:/Users/User/Desktop/AISCIA/task3/AISCIA_task3/Clean Data for Dr. Fadwa/Cocobetain 1 wt.%\Zno\0.025\1\extracted_frames\frame_083.png
33984,Cocobetain 1 wt.%,Zno,0.025,1,18,156.68,2.318,,,,,,,1.0,0.0,156.26,,,,,,,72.0,31.7,,C:/Users/User/Desktop/AISCIA/task3/AISCIA_task3/Clean Data for Dr. Fadwa/Cocobetain 1 wt.%\Zno\0.025\1\extracted_frames\frame_084.png
33985,Cocobetain 1 wt.%,Zno,0.025,1,19,161.68,1.758,,,,,,,1.0,1.0,161.26,,,,,,,70.9,30.4,,C:/Users/User/Desktop/AISCIA/task3/AISCIA_task3/Clean Data for Dr. Fadwa/Cocobetain 1 wt.%\Zno\0.025\1\extracted_frames\frame_085.png
33986,Cocobetain 1 wt.%,Zno,0.025,1,20,166.68,1.483,,,,,,,1.0,1.0,166.26,,,,,,,69.7,29.1,,C:/Users/User/Desktop/AISCIA/task3/AISCIA_task3/Clean Data for Dr. Fadwa/Cocobetain 1 wt.%\Zno\0.025\1\extracted_frames\frame_086.png
33987,Cocobetain 1 wt.%,Zno,0.025,1,21,171.68,1.419,,,,,,,1.0,1.0,171.26,,,,,,,69.2,28.2,,C:/Users/User/Desktop/AISCIA/task3/AISCIA_task3/Clean Data for Dr. Fadwa/Cocobetain 1 wt.%\Zno\0.025\1\extracted_frames\frame_087.png
33988,Cocobetain 1 wt.%,Zno,0.025,1,22,176.68,1.222,,,,,,,1.0,2.0,176.26,,,,,,,68.9,27.7,,C:/Users/User/Desktop/AISCIA/task3/AISCIA_task3/Clean Data for Dr. Fadwa/Cocobetain 1 wt.%\Zno\0.025\1\extracted_frames\frame_088.png
33989,Cocobetain 1 wt.%,Zno,0.025,1,23,181.68,1.115,,,,,,,1.0,2.0,181.26,,,,,,,68.2,27.2,,C:/Users/User/Desktop/AISCIA/task3/AISCIA_task3/Clean Data for Dr. Fadwa/Cocobetain 1 wt.%\Zno\0.025\1\extracted_frames\frame_089.png
33990,Cocobetain 1 wt.%,Zno,0.025,1,24,186.68,0.974,,,,,,,1.0,2.0,186.26,,,,,,,67.7,26.6,,C:/Users/User/Desktop/AISCIA/task3/AISCIA_task3/Clean Data for Dr. Fadwa/Cocobetain 1 wt.%\Zno\0.025\1\extracted_frames\frame_090.png
33991,Cocobetain 1 wt.%,Zno,0.025,1,25,191.68,1.124,,,,,,,1.0,0.0,191.26,,,,,,,67.3,26.4,,C:/Users/User/Desktop/AISCIA/task3/AISCIA_task3/Clean Data for Dr. Fadwa/Cocobetain 1 wt.%\Zno\0.025\1\extracted_frames\frame_091.png
33992,Cocobetain 1 wt.%,Zno,0.025,1,26,196.68,1.034,,,,,,,1.0,0.0,196.26,,,,,,,67.0,26.1,,C:/Users/User/Desktop/AISCIA/task3/AISCIA_task3/Clean Data for Dr. Fadwa/Cocobetain 1 wt.%\Zno\0.025\1\extracted_frames\frame_092.png
33993,Cocobetain 1 wt.%,Zno,0.025,1,27,201.68,0.957,,,,,,,1.0,0.0,201.26,,,,,,,66.3,25.5,,C:/Users/User/Desktop/AISCIA/task3/AISCIA_task3/Clean Data for Dr. Fadwa/Cocobetain 1 wt.%\Zno\0.025\1\extracted_frames\frame_093.png
33994,Cocobetain 1 wt.%,Zno,0.025,1,28,206.68,0.904,,,,,,,1.0,0.0,206.26,,,,,,,65.8,25.3,,C:/Users/User/Desktop/AISCIA/task3/AISCIA_task3/Clean Data for Dr. Fadwa/Cocobetain 1 wt.%\Zno\0.025\1\extracted_frames\frame_094.png
33995,Cocobetain 1 wt.%,Zno,0.025,1,29,211.68,0.95,,,,,,,1.0,0.0,211.26,,,,,,,65.6,25.3,,C:/Users/User/Desktop/AISCIA/task3/AISCIA_task3/Clean Data for Dr. Fadwa/Cocobetain 1 wt.%\Zno\0.025\1\extracted_frames\frame_095.png
33996,Cocobetain 1 wt.%,Zno,0.025,1,30,216.68,0.873,,,,,,,1.0,0.0,216.26,,,,,,,65.2,25.0,,C:/Users/User/Desktop/AISCIA/task3/AISCIA_task3/Clean Data for Dr. Fadwa/Cocobetain 1 wt.%\Zno\0.025\1\extracted_frames\frame_096.png
33997,Cocobetain 1 wt.%,Zno,0.025,1,31,221.68,0.883,,,,,,,1.0,0.0,221.26,,,,,,,64.8,24.7,,C:/Users/User/Desktop/AISCIA/task3/AISCIA_task3/Clean Data for Dr. Fadwa/Cocobetain 1 wt.%\Zno\0.025\1\extracted_frames\frame_097.png
33998,Cocobetain 1 wt.%,Zno,0.025,1,32,226.68,0.899,,,,,,,1.0,0.0,226.26,,,,,,,64.5,24.7,,C:/Users/User/Desktop/AISCIA/task3/AISCIA_task3/Clean Data for Dr. Fadwa/Cocobetain 1 wt.%\Zno\0.025\1\extracted_frames\frame_098.png
33999,Cocobetain 1 wt.%,Zno,0.025,1,33,231.68,0.931,,,,,,,1.0,0.0,231.26,,,,,,,64.2,24.7,,C:/Users/User/Desktop/AISCIA/task3/AISCIA_task3/Clean Data for Dr. Fadwa/Cocobetain 1 wt.%\Zno\0.025\1\extracted_frames\frame_099.png
34000,Cocobetain 1 wt.%,Zno,0.025,1,34,236.68,0.953,,,,,,,1.0,1.0,236.26,,,,,,,64.1,24.5,,C:/Users/User/Desktop/AISCIA/task3/AISCIA_task3/Clean Data for Dr. Fadwa/Cocobetain 1 wt.%\Zno\0.025\1\extracted_frames\frame_100.png
34001,Cocobetain 1 wt.%,Zno,0.025,1,35,241.68,0.941,,,,,,,1.0,1.0,241.26,,,,,,,63.5,24.5,,C:/Users/User/Desktop/AISCIA/task3/AISCIA_task3/Clean Data for Dr. Fadwa/Cocobetain 1 wt.%\Zno\0.025\1\extracted_frames\frame_101.png
34002,Cocobetain 1 wt.%,Zno,0.025,1,36,246.68,0.909,,,,,,,1.0,1.0,246.26,,,,,,,63.0,24.5,,C:/Users/User/Desktop/AISCIA/task3/AISCIA_task3/Clean Data for Dr. Fadwa/Cocobetain 1 wt.%\Zno\0.025\1\extracted_frames\frame_102.png
34003,Cocobetain 1 wt.%,Zno,0.025,1,37,251.68,0.883,,,,,,,1.0,1.0,251.26,,,,,,,62.5,24.7,,C:/Users/User/Desktop/AISCIA/task3/AISCIA_task3/Clean Data for Dr. Fadwa/Cocobetain 1 wt.%\Zno\0.025\1\extracted_frames\frame_103.png
34004,Cocobetain 1 wt.%,Zno,0.025,1,38,256.68,0.883,,,,,,,2.0,2.0,256.26,,,,,,,62.5,24.7,,C:/Users/User/Desktop/AISCIA/task3/AISCIA_task3/Clean Data for Dr. Fadwa/Cocobetain 1 wt.%\Zno\0.025\1\extracted_frames\frame_104.png
34005,Cocobetain 1 wt.%,Zno,0.025,1,39,261.68,0.972,,,,,,,2.0,1.0,261.26,,,,,,,62.5,24.7,,C:/Users/User/Desktop/AISCIA/task3/AISCIA_task3/Clean Data for Dr. Fadwa/Cocobetain 1 wt.%\Zno\0.025\1\extracted_frames\frame_105.png
34006,Cocobetain 1 wt.%,Zno,0.025,1,40,266.68,1.034,,,,,,,2.0,2.0,266.26,,,,,,,61.8,24.5,,C:/Users/User/Desktop/AISCIA/task3/AISCIA_task3/Clean Data for Dr. Fadwa/Cocobetain 1 wt.%\Zno\0.025\1\extracted_frames\frame_106.png
34007,Cocobetain 1 wt.%,Zno,0.025,1,41,271.68,0.951,,,,,,,2.0,2.0,271.26,,,,,,,61.6,24.5,,C:/Users/User/Desktop/AISCIA/task3/AISCIA_task3/Clean Data for Dr. Fadwa/Cocobetain 1 wt.%\Zno\0.025\1\extracted_frames\frame_107.png
34008,Cocobetain 1 wt.%,Zno,0.025,1,42,276.68,0.929,,,,,,,2.0,2.0,276.26,,,,,,,61.5,24.5,,C:/Users/User/Desktop/AISCIA/task3/AISCIA_task3/Clean Data for Dr. Fadwa/Cocobetain 1 wt.%\Zno\0.025\1\extracted_frames\frame_108.png
34009,Cocobetain 1 wt.%,Zno,0.025,1,43,281.68,0.932,,,,,,,2.0,2.0,281.26,,,,,,,61.0,24.2,,C:/Users/User/Desktop/AISCIA/task3/AISCIA_task3/Clean Data for Dr. Fadwa/Cocobetain 1 wt.%\Zno\0.025\1\extracted_frames\frame_109.png
34010,Cocobetain 1 wt.%,Zno,0.025,1,44,286.68,0.948,,,,,,,2.0,2.0,286.26,,,,,,,60.7,24.2,,C:/Users/User/Desktop/AISCIA/task3/AISCIA_task3/Clean Data for Dr. Fadwa/Cocobetain 1 wt.%\Zno\0.025\1\extracted_frames\frame_110.png
34011,Cocobetain 1 wt.%,Zno,0.025,1,45,291.68,1.036,,,,,,,2.0,2.0,291.26,,,,,,,60.5,23.9,,C:/Users/User/Desktop/AISCIA/task3/AISCIA_task3/Clean Data for Dr. Fadwa/Cocobetain 1 wt.%\Zno\0.025\1\extracted_frames\frame_111.png
34012,Cocobetain 1 wt.%,Zno,0.025,1,46,296.68,1.002,,,,,,,2.0,2.0,296.26,,,,,,,60.2,23.9,,C:/Users/User/Desktop/AISCIA/task3/AISCIA_task3/Clean Data for Dr. Fadwa/Cocobetain 1 wt.%\Zno\0.025\1\extracted_frames\frame_112.png
34013,Cocobetain 1 wt.%,Zno,0.025,1,47,301.68,1.171,,,,,,,2.0,3.0,301.26,,,,,,,59.4,23.7,,C:/Users/User/Desktop/AISCIA/task3/AISCIA_task3/Clean Data for Dr. Fadwa/Cocobetain 1 wt.%\Zno\0.025\1\extracted_frames\frame_113.png
34014,Cocobetain 1 wt.%,Zno,0.025,1,48,306.68,1.017,,,,,,,2.0,3.0,306.26,,,,,,,59.2,23.9,,C:/Users/User/Desktop/AISCIA/task3/AISCIA_task3/Clean Data for Dr. Fadwa/Cocobetain 1 wt.%\Zno\0.025\1\extracted_frames\frame_114.png
34015,Cocobetain 1 wt.%,Zno,0.025,1,49,311.68,1.115,,,,,,,2.0,3.0,311.26,,,,,,,59.0,23.9,,C:/Users/User/Desktop/AISCIA/task3/AISCIA_task3/Clean Data for Dr. Fadwa/Cocobetain 1 wt.%\Zno\0.025\1\extracted_frames\frame_115.png
34016,Cocobetain 1 wt.%,Zno,0.025,1,50,316.68,1.106,,,,,,,2.0,3.0,316.26,,,,,,,58.9,24.2,,C:/Users/User/Desktop/AISCIA/task3/AISCIA_task3/Clean Data for Dr. Fadwa/Cocobetain 1 wt.%\Zno\0.025\1\extracted_frames\frame_116.png
34017,Cocobetain 1 wt.%,Zno,0.025,1,51,321.68,1.106,,,,,,,2.0,3.0,321.26,,,,,,,58.7,24.2,,C:/Users/User/Desktop/AISCIA/task3/AISCIA_task3/Clean Data for Dr. Fadwa/Cocobetain 1 wt.%\Zno\0.025\1\extracted_frames\frame_117.png
34018,Cocobetain 1 wt.%,Zno,0.025,1,52,326.68,0.938,,,,,,,2.0,2.0,326.26,,,,,,,58.3,24.5,,C:/Users/User/Desktop/AISCIA/task3/AISCIA_task3/Clean Data for Dr. Fadwa/Cocobetain 1 wt.%\Zno\0.025\1\extracted_frames\frame_118.png
34019,Cocobetain 1 wt.%,Zno,0.025,1,53,331.68,0.862,,,,,,,2.0,1.0,331.26,,,,,,,58.2,24.5,,C:/Users/User/Desktop/AISCIA/task3/AISCIA_task3/Clean Data for Dr. Fadwa/Cocobetain 1 wt.%\Zno\0.025\1\extracted_frames\frame_119.png
34020,Cocobetain 1 wt.%,Zno,0.025,1,54,336.68,0.81,,,,,,,2.0,1.0,336.26,,,,,,,57.7,24.2,,C:/Users/User/Desktop/AISCIA/task3/AISCIA_task3/Clean Data for Dr. Fadwa/Cocobetain 1 wt.%\Zno\0.025\1\extracted_frames\frame_120.png
34021,Cocobetain 1 wt.%,Zno,0.025,1,55,341.68,0.812,,,,,,,2.0,1.0,341.26,,,,,,,57.6,24.2,,C:/Users/User/Desktop/AISCIA/task3/AISCIA_task3/Clean Data for Dr. Fadwa/Cocobetain 1 wt.%\Zno\0.025\1\extracted_frames\frame_121.png
34022,Cocobetain 1 wt.%,Zno,0.025,1,56,346.68,0.783,,,,,,,2.0,1.0,346.26,,,,,,,57.4,24.2,,C:/Users/User/Desktop/AISCIA/task3/AISCIA_task3/Clean Data for Dr. Fadwa/Cocobetain 1 wt.%\Zno\0.025\1\extracted_frames\frame_122.png
34023,Cocobetain 1 wt.%,Zno,0.025,1,57,351.68,0.765,,,,,,,2.0,1.0,351.26,,,,,,,57.4,24.2,,C:/Users/User/Desktop/AISCIA/task3/AISCIA_task3/Clean Data for Dr. Fadwa/Cocobetain 1 wt.%\Zno\0.025\1\extracted_frames\frame_123.png
34024,Cocobetain 1 wt.%,Zno,0.025,1,58,356.68,0.849,,,,,,,2.0,1.0,356.26,,,,,,,57.2,24.2,,C:/Users/User/Desktop/AISCIA/task3/AISCIA_task3/Clean Data for Dr. Fadwa/Cocobetain 1 wt.%\Zno\0.025\1\extracted_frames\frame_124.png
34025,Cocobetain 1 wt.%,Zno,0.025,1,59,361.68,0.933,,,,,,,2.0,2.0,361.26,,,,,,,56.9,23.9,,C:/Users/User/Desktop/AISCIA/task3/AISCIA_task3/Clean Data for Dr. Fadwa/Cocobetain 1 wt.%\Zno\0.025\1\extracted_frames\frame_125.png
34026,Cocobetain 1 wt.%,Zno,0.025,1,60,366.68,0.807,,,,,,,2.0,1.0,366.26,,,,,,,56.7,23.9,,C:/Users/User/Desktop/AISCIA/task3/AISCIA_task3/Clean Data for Dr. Fadwa/Cocobetain 1 wt.%\Zno\0.025\1\extracted_frames\frame_126.png
34027,Cocobetain 1 wt.%,Zno,0.025,1,61,371.68,1.071,,,,,,,2.0,2.0,371.26,,,,,,,56.3,23.7,,C:/Users/User/Desktop/AISCIA/task3/AISCIA_task3/Clean Data for Dr. Fadwa/Cocobetain 1 wt.%\Zno\0.025\1\extracted_frames\frame_127.png
34028,Cocobetain 1 wt.%,Zno,0.025,1,62,376.68,1.241,,,,,,,2.0,3.0,376.26,,,,,,,56.4,23.7,,C:/Users/User/Desktop/AISCIA/task3/AISCIA_task3/Clean Data for Dr. Fadwa/Cocobetain 1 wt.%\Zno\0.025\1\extracted_frames\frame_128.png
34029,Cocobetain 1 wt.%,Zno,0.025,1,63,381.68,1.293,,,,,,,2.0,4.0,381.26,,,,,,,56.4,23.9,,C:/Users/User/Desktop/AISCIA/task3/AISCIA_task3/Clean Data for Dr. Fadwa/Cocobetain 1 wt.%\Zno\0.025\1\extracted_frames\frame_129.png
34030,Cocobetain 1 wt.%,Zno,0.025,1,64,386.68,1.337,,,,,,,2.0,4.0,386.26,,,,,,,56.3,23.9,,C:/Users/User/Desktop/AISCIA/task3/AISCIA_task3/Clean Data for Dr. Fadwa/Cocobetain 1 wt.%\Zno\0.025\1\extracted_frames\frame_130.png
34031,Cocobetain 1 wt.%,Zno,0.025,1,65,391.68,1.374,,,,,,,2.0,4.0,391.26,,,,,,,56.3,24.2,,C:/Users/User/Desktop/AISCIA/task3/AISCIA_task3/Clean Data for Dr. Fadwa/Cocobetain 1 wt.%\Zno\0.025\1\extracted_frames\frame_131.png
34032,Cocobetain 1 wt.%,Zno,0.025,1,66,396.68,1.428,,,,,,,2.0,4.0,396.26,,,,,,,56.1,24.2,,C:/Users/User/Desktop/AISCIA/task3/AISCIA_task3/Clean Data for Dr. Fadwa/Cocobetain 1 wt.%\Zno\0.025\1\extracted_frames\frame_132.png
34033,Cocobetain 1 wt.%,Zno,0.025,1,67,401.68,1.433,,,,,,,2.0,5.0,401.26,,,,,,,55.9,23.9,,C:/Users/User/Desktop/AISCIA/task3/AISCIA_task3/Clean Data for Dr. Fadwa/Cocobetain 1 wt.%\Zno\0.025\1\extracted_frames\frame_133.png
34034,Cocobetain 1 wt.%,Zno,0.025,1,68,406.68,1.131,,,,,,,2.0,4.0,406.26,,,,,,,55.7,23.9,,C:/Users/User/Desktop/AISCIA/task3/AISCIA_task3/Clean Data for Dr. Fadwa/Cocobetain 1 wt.%\Zno\0.025\1\extracted_frames\frame_134.png
34035,Cocobetain 1 wt.%,Zno,0.025,1,69,411.68,1.117,,,,,,,2.0,3.0,411.26,,,,,,,55.2,23.9,,C:/Users/User/Desktop/AISCIA/task3/AISCIA_task3/Clean Data for Dr. Fadwa/Cocobetain 1 wt.%\Zno\0.025\1\extracted_frames\frame_135.png
34036,Cocobetain 1 wt.%,Zno,0.025,1,70,416.68,1.142,,,,,,,2.0,3.0,416.26,,,,,,,56.1,23.7,,C:/Users/User/Desktop/AISCIA/task3/AISCIA_task3/Clean Data for Dr. Fadwa/Cocobetain 1 wt.%\Zno\0.025\1\extracted_frames\frame_136.png
34037,Cocobetain 1 wt.%,Zno,0.025,1,71,421.68,1.164,,,,,,,2.0,3.0,421.26,,,,,,,55.3,23.7,,C:/Users/User/Desktop/AISCIA/task3/AISCIA_task3/Clean Data for Dr. Fadwa/Cocobetain 1 wt.%\Zno\0.025\1\extracted_frames\frame_137.png
34038,Cocobetain 1 wt.%,Zno,0.025,1,72,426.68,1.115,,,,,,,2.0,3.0,426.26,,,,,,,55.0,23.7,,C:/Users/User/Desktop/AISCIA/task3/AISCIA_task3/Clean Data for Dr. Fadwa/Cocobetain 1 wt.%\Zno\0.025\1\extracted_frames\frame_138.png
34039,Cocobetain 1 wt.%,Zno,0.025,1,73,431.68,1.213,,,,,,,2.0,3.0,431.26,,,,,,,54.8,23.7,,C:/Users/User/Desktop/AISCIA/task3/AISCIA_task3/Clean Data for Dr. Fadwa/Cocobetain 1 wt.%\Zno\0.025\1\extracted_frames\frame_139.png
34040,Cocobetain 1 wt.%,Zno,0.025,1,74,436.68,1.299,,,,,,,2.0,4.0,436.26,,,,,,,54.3,23.7,,C:/Users/User/Desktop/AISCIA/task3/AISCIA_task3/Clean Data for Dr. Fadwa/Cocobetain 1 wt.%\Zno\0.025\1\extracted_frames\frame_140.png
34041,Cocobetain 1 wt.%,Zno,0.025,1,75,441.68,1.026,,,,,,,2.0,3.0,441.26,,,,,,,54.1,23.4,,C:/Users/User/Desktop/AISCIA/task3/AISCIA_task3/Clean Data for Dr. Fadwa/Cocobetain 1 wt.%\Zno\0.025\1\extracted_frames\frame_141.png
34042,Cocobetain 1 wt.%,Zno,0.025,1,76,446.68,1.291,,,,,,,2.0,4.0,446.26,,,,,,,54.0,23.7,,C:/Users/User/Desktop/AISCIA/task3/AISCIA_task3/Clean Data for Dr. Fadwa/Cocobetain 1 wt.%\Zno\0.025\1\extracted_frames\frame_142.png
34043,Cocobetain 1 wt.%,Zno,0.025,1,77,451.68,1.284,,,,,,,2.0,4.0,451.26,,,,,,,53.9,23.7,,C:/Users/User/Desktop/AISCIA/task3/AISCIA_task3/Clean Data for Dr. Fadwa/Cocobetain 1 wt.%\Zno\0.025\1\extracted_frames\frame_143.png
34044,Cocobetain 1 wt.%,Zno,0.025,1,78,456.68,1.379,,,,,,,2.0,4.0,456.26,,,,,,,53.8,23.7,,C:/Users/User/Desktop/AISCIA/task3/AISCIA_task3/Clean Data for Dr. Fadwa/Cocobetain 1 wt.%\Zno\0.025\1\extracted_frames\frame_144.png
34045,Cocobetain 1 wt.%,Zno,0.025,1,79,461.69,1.339,,,,,,,2.0,5.0,461.26,,,,,,,53.5,23.4,,C:/Users/User/Desktop/AISCIA/task3/AISCIA_task3/Clean Data for Dr. Fadwa/Cocobetain 1 wt.%\Zno\0.025\1\extracted_frames\frame_145.png
34046,Cocobetain 1 wt.%,Zno,0.025,1,80,466.69,1.385,,,,,,,2.0,5.0,466.26,,,,,,,53.4,23.1,,C:/Users/User/Desktop/AISCIA/task3/AISCIA_task3/Clean Data for Dr. Fadwa/Cocobetain 1 wt.%\Zno\0.025\1\extracted_frames\frame_146.png
34047,Cocobetain 1 wt.%,Zno,0.025,1,81,471.69,1.478,,,,,,,3.0,6.0,471.26,,,,,,,53.4,23.4,,C:/Users/User/Desktop/AISCIA/task3/AISCIA_task3/Clean Data for Dr. Fadwa/Cocobetain 1 wt.%\Zno\0.025\1\extracted_frames\frame_147.png
34048,Cocobetain 1 wt.%,Zno,0.025,1,82,476.69,1.479,,,,,,,3.0,6.0,476.26,,,,,,,53.3,23.4,,C:/Users/User/Desktop/AISCIA/task3/AISCIA_task3/Clean Data for Dr. Fadwa/Cocobetain 1 wt.%\Zno\0.025\1\extracted_frames\frame_148.png
34049,Cocobetain 1 wt.%,Zno,0.025,1,83,481.69,1.462,,,,,,,2.0,5.0,481.26,,,,,,,53.5,23.7,,C:/Users/User/Desktop/AISCIA/task3/AISCIA_task3/Clean Data for Dr. Fadwa/Cocobetain 1 wt.%\Zno\0.025\1\extracted_frames\frame_149.png
34050,Cocobetain 1 wt.%,Zno,0.025,1,84,486.69,1.501,,,,,,,3.0,6.0,486.26,,,,,,,53.4,23.9,,C:/Users/User/Desktop/AISCIA/task3/AISCIA_task3/Clean Data for Dr. Fadwa/Cocobetain 1 wt.%\Zno\0.025\1\extracted_frames\frame_150.png
34051,Cocobetain 1 wt.%,Zno,0.025,1,85,491.69,1.636,,,,,,,3.0,7.0,491.26,,,,,,,53.4,24.2,,C:/Users/User/Desktop/AISCIA/task3/AISCIA_task3/Clean Data for Dr. Fadwa/Cocobetain 1 wt.%\Zno\0.025\1\extracted_frames\frame_151.png
34052,Cocobetain 1 wt.%,Zno,0.025,1,86,496.69,1.589,,,,,,,3.0,6.0,496.26,,,,,,,53.2,24.5,,C:/Users/User/Desktop/AISCIA/task3/AISCIA_task3/Clean Data for Dr. Fadwa/Cocobetain 1 wt.%\Zno\0.025\1\extracted_frames\frame_152.png
34053,Cocobetain 1 wt.%,Zno,0.025,1,87,501.69,1.629,,,,,,,3.0,6.0,501.26,,,,,,,53.0,24.2,,C:/Users/User/Desktop/AISCIA/task3/AISCIA_task3/Clean Data for Dr. Fadwa/Cocobetain 1 wt.%\Zno\0.025\1\extracted_frames\frame_153.png
34054,Cocobetain 1 wt.%,Zno,0.025,1,88,506.69,1.571,,,,,,,2.0,6.0,506.26,,,,,,,53.0,24.2,,C:/Users/User/Desktop/AISCIA/task3/AISCIA_task3/Clean Data for Dr. Fadwa/Cocobetain 1 wt.%\Zno\0.025\1\extracted_frames\frame_154.png
34055,Cocobetain 1 wt.%,Zno,0.025,1,89,511.69,1.605,,,,,,,2.0,6.0,511.26,,,,,,,53.0,24.2,,C:/Users/User/Desktop/AISCIA/task3/AISCIA_task3/Clean Data for Dr. Fadwa/Cocobetain 1 wt.%\Zno\0.025\1\extracted_frames\frame_155.png
34056,Cocobetain 1 wt.%,Zno,0.025,1,90,516.69,1.755,,,,,,,3.0,6.0,516.26,,,,,,,52.8,24.2,,C:/Users/User/Desktop/AISCIA/task3/AISCIA_task3/Clean Data for Dr. Fadwa/Cocobetain 1 wt.%\Zno\0.025\1\extracted_frames\frame_156.png
34057,Cocobetain 1 wt.%,Zno,0.025,1,91,521.69,1.597,,,,,,,2.0,6.0,521.26,,,,,,,52.7,24.2,,C:/Users/User/Desktop/AISCIA/task3/AISCIA_task3/Clean Data for Dr. Fadwa/Cocobetain 1 wt.%\Zno\0.025\1\extracted_frames\frame_157.png
34058,Cocobetain 1 wt.%,Zno,0.025,1,92,526.69,1.641,,,,,,,3.0,6.0,526.26,,,,,,,52.7,24.2,,C:/Users/User/Desktop/AISCIA/task3/AISCIA_task3/Clean Data for Dr. Fadwa/Cocobetain 1 wt.%\Zno\0.025\1\extracted_frames\frame_158.png
34059,Cocobetain 1 wt.%,Zno,0.025,1,93,531.69,1.689,,,,,,,3.0,6.0,531.26,,,,,,,52.5,24.2,,C:/Users/User/Desktop/AISCIA/task3/AISCIA_task3/Clean Data for Dr. Fadwa/Cocobetain 1 wt.%\Zno\0.025\1\extracted_frames\frame_159.png
34060,Cocobetain 1 wt.%,Zno,0.025,1,94,536.69,2.11,,,,,,,3.0,8.0,536.26,,,,,,,52.4,24.2,,C:/Users/User/Desktop/AISCIA/task3/AISCIA_task3/Clean Data for Dr. Fadwa/Cocobetain 1 wt.%\Zno\0.025\1\extracted_frames\frame_160.png
34061,Cocobetain 1 wt.%,Zno,0.025,1,95,541.69,1.508,,,,,,,3.0,9.0,541.26,,,,,,,52.3,24.2,,C:/Users/User/Desktop/AISCIA/task3/AISCIA_task3/Clean Data for Dr. Fadwa/Cocobetain 1 wt.%\Zno\0.025\1\extracted_frames\frame_161.png
34062,Cocobetain 1 wt.%,Zno,0.025,1,96,546.69,1.481,,,,,,,3.0,10.0,546.26,,,,,,,52.3,24.2,,C:/Users/User/Desktop/AISCIA/task3/AISCIA_task3/Clean Data for Dr. Fadwa/Cocobetain 1 wt.%\Zno\0.025\1\extracted_frames\frame_162.png
34063,Cocobetain 1 wt.%,Zno,0.025,1,97,551.69,1.408,,,,,,,3.0,9.0,551.26,,,,,,,52.1,24.2,,C:/Users/User/Desktop/AISCIA/task3/AISCIA_task3/Clean Data for Dr. Fadwa/Cocobetain 1 wt.%\Zno\0.025\1\extracted_frames\frame_163.png
34064,Cocobetain 1 wt.%,Zno,0.025,1,98,556.69,1.474,,,,,,,3.0,10.0,556.26,,,,,,,52.3,24.2,,C:/Users/User/Desktop/AISCIA/task3/AISCIA_task3/Clean Data for Dr. Fadwa/Cocobetain 1 wt.%\Zno\0.025\1\extracted_frames\frame_164.png
34065,Cocobetain 1 wt.%,Zno,0.025,1,99,561.69,1.413,,,,,,,3.0,10.0,561.26,,,,,,,52.1,24.2,,C:/Users/User/Desktop/AISCIA/task3/AISCIA_task3/Clean Data for Dr. Fadwa/Cocobetain 1 wt.%\Zno\0.025\1\extracted_frames\frame_165.png
34066,Cocobetain 1 wt.%,Zno,0.025,1,100,566.69,1.442,,,,,,,3.0,11.0,566.26,,,,,,,51.9,24.2,,C:/Users/User/Desktop/AISCIA/task3/AISCIA_task3/Clean Data for Dr. Fadwa/Cocobetain 1 wt.%\Zno\0.025\1\extracted_frames\frame_166.png
34067,Cocobetain 1 wt.%,Zno,0.025,1,101,571.69,1.42,,,,,,,3.0,11.0,571.26,,,,,,,51.6,24.2,,C:/Users/User/Desktop/AISCIA/task3/AISCIA_task3/Clean Data for Dr. Fadwa/Cocobetain 1 wt.%\Zno\0.025\1\extracted_frames\frame_167.png
34068,Cocobetain 1 wt.%,Zno,0.025,1,102,576.69,1.44,,,,,,,3.0,11.0,576.26,,,,,,,51.5,23.9,,C:/Users/User/Desktop/AISCIA/task3/AISCIA_task3/Clean Data for Dr. Fadwa/Cocobetain 1 wt.%\Zno\0.025\1\extracted_frames\frame_168.png
34069,Cocobetain 1 wt.%,Zno,0.025,1,103,581.69,1.151,,,,,,,2.0,5.0,581.26,,,,,,,51.4,23.7,,C:/Users/User/Desktop/AISCIA/task3/AISCIA_task3/Clean Data for Dr. Fadwa/Cocobetain 1 wt.%\Zno\0.025\1\extracted_frames\frame_169.png
34070,Cocobetain 1 wt.%,Zno,0.025,1,104,586.69,1.272,,,,,,,3.0,6.0,586.26,,,,,,,51.2,23.4,,C:/Users/User/Desktop/AISCIA/task3/AISCIA_task3/Clean Data for Dr. Fadwa/Cocobetain 1 wt.%\Zno\0.025\1\extracted_frames\frame_170.png
34071,Cocobetain 1 wt.%,Zno,0.025,1,105,591.69,1.208,,,,,,,2.0,5.0,591.26,,,,,,,51.1,23.4,,C:/Users/User/Desktop/AISCIA/task3/AISCIA_task3/Clean Data for Dr. Fadwa/Cocobetain 1 wt.%\Zno\0.025\1\extracted_frames\frame_171.png
34072,Cocobetain 1 wt.%,Zno,0.025,1,106,596.69,1.468,,,,,,,2.0,5.0,596.26,,,,,,,50.9,23.1,,C:/Users/User/Desktop/AISCIA/task3/AISCIA_task3/Clean Data for Dr. Fadwa/Cocobetain 1 wt.%\Zno\0.025\1\extracted_frames\frame_172.png
34073,Cocobetain 1 wt.%,Zno,0.025,1,107,601.69,1.122,,,,,,,2.0,6.0,601.26,,,,,,,50.9,23.4,,C:/Users/User/Desktop/AISCIA/task3/AISCIA_task3/Clean Data for Dr. Fadwa/Cocobetain 1 wt.%\Zno\0.025\1\extracted_frames\frame_173.png
34074,Cocobetain 1 wt.%,Zno,0.025,1,108,606.69,1.127,,,,,,,2.0,6.0,606.26,,,,,,,50.8,23.4,,C:/Users/User/Desktop/AISCIA/task3/AISCIA_task3/Clean Data for Dr. Fadwa/Cocobetain 1 wt.%\Zno\0.025\1\extracted_frames\frame_174.png
34075,Cocobetain 1 wt.%,Zno,0.025,1,109,611.69,1.177,,,,,,,3.0,6.0,611.26,,,,,,,50.7,23.4,,C:/Users/User/Desktop/AISCIA/task3/AISCIA_task3/Clean Data for Dr. Fadwa/Cocobetain 1 wt.%\Zno\0.025\1\extracted_frames\frame_175.png
34076,Cocobetain 1 wt.%,Zno,0.025,1,110,616.69,1.421,,,,,,,3.0,9.0,616.26,,,,,,,50.6,23.1,,C:/Users/User/Desktop/AISCIA/task3/AISCIA_task3/Clean Data for Dr. Fadwa/Cocobetain 1 wt.%\Zno\0.025\1\extracted_frames\frame_176.png
34077,Cocobetain 1 wt.%,Zno,0.025,1,111,621.69,1.523,,,,,,,3.0,9.0,621.26,,,,,,,50.5,23.4,,C:/Users/User/Desktop/AISCIA/task3/AISCIA_task3/Clean Data for Dr. Fadwa/Cocobetain 1 wt.%\Zno\0.025\1\extracted_frames\frame_177.png
34078,Cocobetain 1 wt.%,Zno,0.025,1,112,626.69,1.605,,,,,,,3.0,8.0,626.26,,,,,,,50.4,23.4,,C:/Users/User/Desktop/AISCIA/task3/AISCIA_task3/Clean Data for Dr. Fadwa/Cocobetain 1 wt.%\Zno\0.025\1\extracted_frames\frame_178.png
34079,Cocobetain 1 wt.%,Zno,0.025,1,113,631.69,1.636,,,,,,,3.0,7.0,631.26,,,,,,,50.5,23.7,,C:/Users/User/Desktop/AISCIA/task3/AISCIA_task3/Clean Data for Dr. Fadwa/Cocobetain 1 wt.%\Zno\0.025\1\extracted_frames\frame_179.png
34080,Cocobetain 1 wt.%,Zno,0.025,1,114,636.69,1.66,,,,,,,3.0,7.0,636.26,,,,,,,50.4,23.9,,C:/Users/User/Desktop/AISCIA/task3/AISCIA_task3/Clean Data for Dr. Fadwa/Cocobetain 1 wt.%\Zno\0.025\1\extracted_frames\frame_180.png
34081,Cocobetain 1 wt.%,Zno,0.025,1,115,641.69,1.697,,,,,,,3.0,7.0,641.26,,,,,,,50.4,23.9,,C:/Users/User/Desktop/AISCIA/task3/AISCIA_task3/Clean Data for Dr. Fadwa/Cocobetain 1 wt.%\Zno\0.025\1\extracted_frames\frame_181.png
34082,Cocobetain 1 wt.%,Zno,0.025,1,116,646.69,1.211,,,,,,,3.0,6.0,646.26,,,,,,,50.3,23.7,,C:/Users/User/Desktop/AISCIA/task3/AISCIA_task3/Clean Data for Dr. Fadwa/Cocobetain 1 wt.%\Zno\0.025\1\extracted_frames\frame_182.png
34083,Cocobetain 1 wt.%,Zno,0.025,1,117,651.69,1.267,,,,,,,2.0,5.0,651.26,,,,,,,50.2,23.7,,C:/Users/User/Desktop/AISCIA/task3/AISCIA_task3/Clean Data for Dr. Fadwa/Cocobetain 1 wt.%\Zno\0.025\1\extracted_frames\frame_183.png
34084,Cocobetain 1 wt.%,Zno,0.025,1,118,656.69,1.281,,,,,,,2.0,5.0,656.26,,,,,,,50.0,23.4,,C:/Users/User/Desktop/AISCIA/task3/AISCIA_task3/Clean Data for Dr. Fadwa/Cocobetain 1 wt.%\Zno\0.025\1\extracted_frames\frame_184.png
34085,Cocobetain 1 wt.%,Zno,0.025,1,119,661.69,1.348,,,,,,,2.0,5.0,661.26,,,,,,,49.9,23.1,,C:/Users/User/Desktop/AISCIA/task3/AISCIA_task3/Clean Data for Dr. Fadwa/Cocobetain 1 wt.%\Zno\0.025\1\extracted_frames\frame_185.png
34086,Cocobetain 1 wt.%,Zno,0.025,1,120,666.69,1.401,,,,,,,2.0,6.0,666.26,,,,,,,49.6,22.8,,C:/Users/User/Desktop/AISCIA/task3/AISCIA_task3/Clean Data for Dr. Fadwa/Cocobetain 1 wt.%\Zno\0.025\1\extracted_frames\frame_186.png
34087,Cocobetain 1 wt.%,Zno,0.025,1,121,671.69,1.375,,,,,,,2.0,6.0,671.26,,,,,,,49.5,22.8,,C:/Users/User/Desktop/AISCIA/task3/AISCIA_task3/Clean Data for Dr. Fadwa/Cocobetain 1 wt.%\Zno\0.025\1\extracted_frames\frame_187.png
34088,Cocobetain 1 wt.%,Zno,0.025,1,122,676.69,1.404,,,,,,,2.0,6.0,676.26,,,,,,,49.6,23.1,,C:/Users/User/Desktop/AISCIA/task3/AISCIA_task3/Clean Data for Dr. Fadwa/Cocobetain 1 wt.%\Zno\0.025\1\extracted_frames\frame_188.png
34089,Cocobetain 1 wt.%,Zno,0.025,1,123,681.69,1.476,,,,,,,3.0,7.0,681.26,,,,,,,49.5,23.1,,C:/Users/User/Desktop/AISCIA/task3/AISCIA_task3/Clean Data for Dr. Fadwa/Cocobetain 1 wt.%\Zno\0.025\1\extracted_frames\frame_189.png
34090,Cocobetain 1 wt.%,Zno,0.025,1,124,686.69,1.38,,,,,,,2.0,5.0,686.26,,,,,,,49.4,22.8,,C:/Users/User/Desktop/AISCIA/task3/AISCIA_task3/Clean Data for Dr. Fadwa/Cocobetain 1 wt.%\Zno\0.025\1\extracted_frames\frame_190.png
34091,Cocobetain 1 wt.%,Zno,0.025,1,125,691.69,1.307,,,,,,,2.0,4.0,691.26,,,,,,,49.5,23.1,,C:/Users/User/Desktop/AISCIA/task3/AISCIA_task3/Clean Data for Dr. Fadwa/Cocobetain 1 wt.%\Zno\0.025\1\extracted_frames\frame_191.png
34092,Cocobetain 1 wt.%,Zno,0.025,1,126,696.69,1.284,,,,,,,2.0,4.0,696.26,,,,,,,49.3,23.1,,C:/Users/User/Desktop/AISCIA/task3/AISCIA_task3/Clean Data for Dr. Fadwa/Cocobetain 1 wt.%\Zno\0.025\1\extracted_frames\frame_192.png
34093,Cocobetain 1 wt.%,Zno,0.025,1,127,701.69,1.353,,,,,,,2.0,4.0,701.26,,,,,,,49.3,23.4,,C:/Users/User/Desktop/AISCIA/task3/AISCIA_task3/Clean Data for Dr. Fadwa/Cocobetain 1 wt.%\Zno\0.025\1\extracted_frames\frame_193.png
34094,Cocobetain 1 wt.%,Zno,0.025,1,128,706.69,1.31,,,,,,,2.0,4.0,706.26,,,,,,,49.3,23.7,,C:/Users/User/Desktop/AISCIA/task3/AISCIA_task3/Clean Data for Dr. Fadwa/Cocobetain 1 wt.%\Zno\0.025\1\extracted_frames\frame_194.png
34095,Cocobetain 1 wt.%,Zno,0.025,1,129,711.69,1.337,,,,,,,2.0,4.0,711.26,,,,,,,49.3,23.9,,C:/Users/User/Desktop/AISCIA/task3/AISCIA_task3/Clean Data for Dr. Fadwa/Cocobetain 1 wt.%\Zno\0.025\1\extracted_frames\frame_195.png
34096,Cocobetain 1 wt.%,Zno,0.025,1,130,716.69,1.357,,,,,,,2.0,4.0,716.26,,,,,,,49.2,24.2,,C:/Users/User/Desktop/AISCIA/task3/AISCIA_task3/Clean Data for Dr. Fadwa/Cocobetain 1 wt.%\Zno\0.025\1\extracted_frames\frame_196.png
34097,Cocobetain 1 wt.%,Zno,0.025,1,131,721.69,1.244,,,,,,,2.0,3.0,721.26,,,,,,,49.1,23.9,,C:/Users/User/Desktop/AISCIA/task3/AISCIA_task3/Clean Data for Dr. Fadwa/Cocobetain 1 wt.%\Zno\0.025\1\extracted_frames\frame_197.png
34098,Cocobetain 1 wt.%,Zno,0.025,1,132,726.69,1.215,,,,,,,2.0,3.0,726.26,,,,,,,49.0,24.2,,C:/Users/User/Desktop/AISCIA/task3/AISCIA_task3/Clean Data for Dr. Fadwa/Cocobetain 1 wt.%\Zno\0.025\1\extracted_frames\frame_198.png
34099,Cocobetain 1 wt.%,Zno,0.025,1,133,731.69,1.07,,,,,,,2.0,3.0,731.26,,,,,,,49.0,24.2,,C:/Users/User/Desktop/AISCIA/task3/AISCIA_task3/Clean Data for Dr. Fadwa/Cocobetain 1 wt.%\Zno\0.025\1\extracted_frames\frame_199.png
